ความชื้นสัมพัทธ์(เปอร์เซ็นต์),,,,,,,,,,,,,,,,,,,,,,,,,,,,,,,,,,
รายวัน ,,,,,,,,,,,,,,,,,,,,,,,,,,,,,,,,,,
,,,,,,,,,,,,,,,,,,,,,,,,,,,,,,,,,,
ที่,สถานี,เดือน/ปี,วันที่,,,,,,,,,,,,,,,,,,,,,,,,,,,,,,,เฉลี่ย
,,,1,2,3,4,5,6,7,8,9,10,11,12,13,14,15,16,17,18,19,20,21,22,23,24,25,26,27,28,29,30,31,
1  ,376201-ตาก จ.ตาก,Jan-98,60,66,64,60,67,66,63,61,58,53,51,50,48,50,41,43,43,44,51,57,59,50,53,49,59,64,62,58,54,61,58,56
2  ,376201-ตาก จ.ตาก,Feb-98,56,53,52,51,44,49,50,55,49,39,45,41,42,35,31,42,46,45,47,45,41,44,41,37,34,34,34,33,-,-,-,43
3  ,376201-ตาก จ.ตาก,Mar-98,42,44,31,32,31,33,29,32,43,39,37,35,41,42,42,39,37,38,40,36,34,31,41,37,38,44,53,52,51,51,50,40
4  ,376201-ตาก จ.ตาก,Apr-98,44,54,63,68,59,58,54,34,29,24,27,34,37,38,31,35,54,63,64,60,50,42,37,41,31,33,37,39,45,46,-,44
5  ,376201-ตาก จ.ตาก,May-98,45,44,44,43,58,66,56,61,56,62,54,56,80,78,62,58,69,82,86,86,77,70,66,61,62,78,87,77,66,65,69,65
6  ,376201-ตาก จ.ตาก,Jun-98,69,64,68,63,61,65,67,64,65,75,70,81,71,65,66,61,66,64,67,64,64,61,62,66,62,64,68,75,85,85,-,68
7  ,376201-ตาก จ.ตาก,Jul-98,75,78,89,88,91,82,78,84,89,85,75,74,68,73,75,68,67,65,62,61,61,60,61,61,67,74,84,74,65,68,84,74
8  ,376201-ตาก จ.ตาก,Aug-98,85,80,73,74,70,63,63,75,79,74,68,66,64,62,61,69,77,79,84,84,85,84,83,82,71,65,63,65,69,69,65,73
9  ,376201-ตาก จ.ตาก,Sep-98,75,83,83,79,70,77,82,73,68,79,75,72,74,63,64,80,81,75,79,81,81,77,80,89,82,80,77,80,79,75,-,77
10  ,376201-ตาก จ.ตาก,Oct-98,78,87,81,72,72,80,75,82,87,90,90,84,86,81,83,71,68,74,81,79,76,76,76,74,75,74,75,77,75,75,73,78
11  ,376201-ตาก จ.ตาก,Nov-98,74,72,76,83,74,71,72,75,73,70,71,72,71,70,66,63,67,80,77,73,83,92,80,77,77,78,76,89,89,83,-,76
12  ,376201-ตาก จ.ตาก,Dec-98,75,72,76,76,79,78,76,77,77,72,70,67,69,68,72,70,73,72,73,72,72,69,71,65,66,65,69,71,69,67,64,71
13  ,376201-ตาก จ.ตาก,Jan-99,67,66,65,63,67,63,63,61,62,59,65,66,84,73,67,59,63,62,64,64,62,63,57,53,57,61,68,66,79,74,67,65
14  ,376201-ตาก จ.ตาก,Feb-99,59,55,63,61,55,59,58,58,60,61,59,58,60,57,59,59,57,47,66,60,56,58,54,52,53,55,54,63,-,-,-,58
15  ,376201-ตาก จ.ตาก,Mar-99,56,56,52,47,36,34,24,30,43,42,43,37,33,34,40,40,41,34,36,45,46,53,71,76,59,56,43,43,46,58,56,45
16  ,376201-ตาก จ.ตาก,Apr-99,47,45,45,47,63,75,73,76,76,73,73,68,72,90,87,75,62,61,73,74,74,58,58,62,59,57,66,70,87,74,-,67
17  ,376201-ตาก จ.ตาก,May-99,69,65,61,65,88,73,63,68,69,87,92,91,86,82,78,67,66,63,64,79,77,88,89,88,85,89,79,79,77,81,70,77
18  ,376201-ตาก จ.ตาก,Jun-99,74,75,71,70,72,69,64,73,79,88,92,74,66,66,74,71,64,68,67,79,80,77,75,84,82,80,69,60,62,64,-,73
19  ,376201-ตาก จ.ตาก,Jul-99,66,68,65,68,70,83,74,65,65,68,65,70,68,67,66,66,69,74,64,63,63,63,64,62,75,90,85,76,71,67,87,70
20  ,376201-ตาก จ.ตาก,Aug-99,81,71,67,74,80,80,90,78,72,71,73,79,81,85,80,75,68,64,65,66,66,66,74,84,89,76,79,85,77,68,72,75
21  ,376201-ตาก จ.ตาก,Sep-99,72,69,63,64,75,81,81,81,72,69,69,73,66,65,68,83,86,72,70,76,77,70,70,90,82,83,81,80,77,87,-,75
22  ,376201-ตาก จ.ตาก,Oct-99,81,88,90,87,83,82,72,78,80,81,80,82,82,87,86,82,89,80,80,78,89,83,79,80,87,93,87,85,86,85,91,84
23  ,376201-ตาก จ.ตาก,Nov-99,90,91,90,89,80,78,91,89,85,83,84,81,83,84,92,88,82,77,81,80,78,80,77,74,78,78,78,78,80,79,-,83
24  ,376201-ตาก จ.ตาก,Dec-99,77,74,70,84,89,86,85,80,78,73,77,79,75,76,79,76,73,71,69,70,73,59,66,65,61,60,62,64,65,64,69,73
25  ,376201-ตาก จ.ตาก,Jan-00,70,71,71,72,70,68,66,65,67,65,65,61,58,57,56,63,58,63,72,71,67,67,67,64,65,69,63,64,65,65,65,65
26  ,376201-ตาก จ.ตาก,Feb-00,65,64,63,64,62,61,62,63,58,52,54,55,56,60,64,75,72,75,76,64,50,53,46,41,61,75,87,78,77,-,-,63
27  ,376201-ตาก จ.ตาก,Mar-00,80,72,67,53,51,46,44,40,42,40,39,43,39,46,48,47,48,46,43,42,43,51,60,70,67,58,54,55,67,66,54,52
28  ,376201-ตาก จ.ตาก,Apr-00,51,50,47,46,41,43,54,53,56,62,68,72,77,68,74,84,79,69,76,73,78,79,80,66,61,76,85,81,84,85,-,67
29  ,376201-ตาก จ.ตาก,May-00,75,72,69,80,78,74,62,60,58,59,60,69,82,87,81,81,78,84,89,93,83,77,77,68,75,70,67,64,68,71,76,74
30  ,376201-ตาก จ.ตาก,Jun-00,67,69,86,92,89,81,65,64,64,66,68,71,74,72,81,82,72,73,64,70,64,67,76,70,69,81,82,83,76,75,-,74
31  ,376201-ตาก จ.ตาก,Jul-00,79,77,74,73,74,78,77,75,68,81,89,86,75,67,67,74,79,89,83,69,67,68,72,72,69,67,64,63,65,62,60,73
32  ,376201-ตาก จ.ตาก,Aug-00,59,64,63,64,71,71,70,87,86,88,75,64,68,69,68,69,68,71,67,67,68,71,78,73,74,67,70,71,75,74,72,71
33  ,376201-ตาก จ.ตาก,Sep-00,76,88,85,91,79,79,70,66,72,68,77,89,85,79,85,83,77,76,76,77,83,81,91,90,74,70,78,89,91,90,-,81
34  ,376201-ตาก จ.ตาก,Oct-00,86,82,78,78,79,83,83,79,76,90,79,79,76,77,86,85,80,85,83,80,81,80,87,89,87,84,85,83,80,81,90,82
35  ,376201-ตาก จ.ตาก,Nov-00,75,74,72,74,76,75,75,75,76,76,75,76,80,76,73,74,79,78,77,77,78,75,79,77,74,75,79,80,78,76,-,76
36  ,376201-ตาก จ.ตาก,Dec-00,74,73,77,77,74,76,73,71,71,71,74,75,73,72,74,73,72,71,69,70,70,72,71,68,67,66,66,65,66,69,69,71
37  ,376201-ตาก จ.ตาก,Jan-01,68,68,69,69,70,66,67,67,62,62,48,59,63,68,75,84,71,68,68,66,67,66,64,61,56,50,49,56,66,65,49,64
38  ,376201-ตาก จ.ตาก,Feb-01,36,51,53,56,56,46,49,56,66,67,68,59,57,61,57,57,58,57,53,42,39,48,35,41,45,51,53,48,-,-,-,52
39  ,376201-ตาก จ.ตาก,Mar-01,54,62,55,62,68,54,50,56,92,88,87,91,91,81,84,72,64,62,75,72,76,79,71,67,61,54,51,49,47,58,66,68
40  ,376201-ตาก จ.ตาก,Apr-01,65,75,62,49,50,54,52,47,52,49,46,65,64,50,59,60,53,49,53,55,55,53,56,51,56,59,53,47,46,56,-,55
41  ,376201-ตาก จ.ตาก,May-01,68,84,92,85,79,77,75,76,71,63,67,85,76,85,77,85,83,79,79,87,73,65,66,67,70,83,89,84,85,87,86,78
42  ,376201-ตาก จ.ตาก,Jun-01,84,86,81,66,66,61,65,72,74,82,82,78,77,70,69,69,71,69,67,67,69,69,71,74,68,68,68,69,77,70,-,72
43  ,376201-ตาก จ.ตาก,Jul-01,67,66,67,71,79,74,76,76,88,86,82,69,67,67,68,76,79,77,76,76,76,76,72,66,66,66,67,72,71,69,71,73
44  ,376201-ตาก จ.ตาก,Aug-01,75,87,89,84,81,88,90,86,76,78,79,90,84,76,79,79,75,79,79,73,69,69,67,70,72,69,68,80,88,70,68,78
45  ,376201-ตาก จ.ตาก,Sep-01,73,66,68,67,70,70,64,65,67,74,64,63,76,82,74,65,64,64,77,76,80,90,81,84,86,83,83,82,81,71,-,74
46  ,376201-ตาก จ.ตาก,Oct-01,80,86,80,82,86,84,84,84,83,89,84,84,82,87,79,79,78,79,79,79,75,73,84,94,90,86,81,82,92,89,84,83
47  ,376201-ตาก จ.ตาก,Nov-01,85,81,77,78,79,78,80,78,80,79,81,80,78,90,84,73,72,71,72,70,70,71,73,73,72,73,72,72,71,73,-,76
48  ,376201-ตาก จ.ตาก,Dec-01,74,78,77,75,75,74,82,81,79,77,71,73,79,78,75,73,76,75,89,81,78,74,72,72,75,70,72,73,76,74,74,76
49  ,376201-ตาก จ.ตาก,Jan-02,81,77,73,75,75,74,74,74,74,72,74,82,80,79,77,69,69,69,67,69,73,73,74,71,68,62,58,73,87,73,73,73
50  ,376201-ตาก จ.ตาก,Feb-02,72,74,72,66,64,62,61,64,63,68,75,74,72,72,76,69,70,71,70,66,67,64,62,61,68,63,62,57,-,-,-,67
51  ,376201-ตาก จ.ตาก,Mar-02,61,59,66,61,56,69,78,76,73,71,67,64,59,57,53,53,55,69,78,65,59,47,57,60,39,41,36,40,36,36,44,58
52  ,376201-ตาก จ.ตาก,Apr-02,53,42,33,35,33,35,33,27,33,41,42,64,62,53,50,40,37,40,50,50,42,36,54,67,62,65,63,71,73,62,-,48
53  ,376201-ตาก จ.ตาก,May-02,65,62,62,73,64,63,56,66,69,70,82,87,81,80,80,86,88,89,94,77,68,61,62,62,65,65,68,78,77,69,65,72
54  ,376201-ตาก จ.ตาก,Jun-02,70,71,64,64,63,70,67,65,69,75,70,64,66,71,72,73,67,67,69,72,75,78,80,81,72,69,70,76,72,72,-,70
55  ,376201-ตาก จ.ตาก,Jul-02,73,74,77,75,72,73,80,76,79,78,81,81,78,81,84,83,85,86,76,81,95,88,82,81,81,86,90,80,83,81,71,80
56  ,376201-ตาก จ.ตาก,Aug-02,75,82,88,85,78,83,82,71,68,71,73,75,80,80,72,75,71,65,70,83,86,77,83,81,77,70,72,83,80,76,72,77
57  ,376201-ตาก จ.ตาก,Sep-02,84,93,93,94,96,90,86,78,77,84,79,74,75,70,73,74,71,80,91,86,92,81,82,86,91,90,76,77,88,85,-,83
58  ,376201-ตาก จ.ตาก,Oct-02,80,80,85,83,82,84,88,78,72,72,75,75,76,74,75,84,80,82,81,81,74,78,86,83,80,85,95,91,87,78,80,81
59  ,376201-ตาก จ.ตาก,Nov-02,87,88,90,84,72,76,77,77,76,74,76,79,79,76,76,77,87,85,82,82,82,81,79,89,91,90,89,88,82,80,-,82
60  ,376201-ตาก จ.ตาก,Dec-02,78,81,84,83,83,80,78,79,86,77,81,84,81,81,80,79,79,77,74,69,72,72,74,76,77,80,85,88,82,81,80,79
61  ,376201-ตาก จ.ตาก,Jan-03,84,87,83,79,79,78,79,75,74,75,76,76,75,77,77,79,77,75,74,74,71,67,62,65,66,63,68,72,71,72,72,74
62  ,376201-ตาก จ.ตาก,Feb-03,70,70,72,76,71,67,69,70,68,65,62,67,68,70,63,51,49,53,51,52,51,49,47,49,48,50,54,57,-,-,-,60
63  ,376201-ตาก จ.ตาก,Mar-03,50,43,45,39,50,47,46,58,71,73,72,69,75,81,69,55,56,47,47,51,62,72,70,71,71,69,74,78,79,91,85,63
64  ,376201-ตาก จ.ตาก,Apr-03,73,62,59,54,56,52,48,44,45,47,45,43,46,50,52,59,53,49,56,51,55,58,53,59,62,60,59,60,69,68,-,55
65  ,376201-ตาก จ.ตาก,May-03,83,72,57,53,52,52,47,55,63,60,69,81,74,61,59,57,65,68,75,79,64,69,63,65,65,60,56,58,56,66,79,64
66  ,376201-ตาก จ.ตาก,Jun-03,85,87,89,87,77,74,71,70,71,71,70,68,66,67,65,65,72,72,72,78,84,74,85,83,74,78,75,72,88,92,-,76
67  ,376201-ตาก จ.ตาก,Jul-03,90,86,85,82,76,72,83,90,87,77,74,75,86,81,80,75,68,66,66,68,68,72,83,87,85,85,72,72,72,78,82,78
68  ,376201-ตาก จ.ตาก,Aug-03,75,71,73,78,75,71,70,69,71,73,66,66,63,63,62,62,80,86,80,89,90,79,72,78,77,78,80,80,66,65,66,73
69  ,376201-ตาก จ.ตาก,Sep-03,67,68,74,74,73,77,68,68,82,85,81,75,79,89,85,80,70,68,75,76,84,88,83,88,81,82,87,81,83,81,-,78
70  ,376201-ตาก จ.ตาก,Oct-03,82,80,77,77,81,78,85,82,72,73,71,69,70,82,83,83,82,86,80,80,78,81,80,78,79,79,77,76,74,75,77,78
71  ,376201-ตาก จ.ตาก,Nov-03,77,76,74,74,73,70,70,71,70,67,69,70,67,69,70,66,68,67,63,57,59,67,66,67,68,68,72,70,65,68,-,69
72  ,376201-ตาก จ.ตาก,Dec-03,68,67,68,66,65,67,67,68,67,65,70,70,66,66,63,62,63,65,63,59,62,60,58,64,63,64,57,62,63,62,62,64
73  ,376202-แม่สอด จ.ตาก,Jan-98,75,77,77,77,79,73,72,74,72,69,70,67,70,65,70,66,67,67,64,66,70,70,69,67,66,72,68,68,68,70,66,70
74  ,376202-แม่สอด จ.ตาก,Feb-98,68,67,67,68,62,60,60,58,60,59,59,60,59,56,56,57,60,62,66,65,61,61,55,53,57,57,58,60,-,-,-,60
75  ,376202-แม่สอด จ.ตาก,Mar-98,58,57,53,52,53,53,51,49,55,45,44,54,60,65,65,62,54,56,49,47,47,49,51,48,55,56,56,54,54,64,54,54
76  ,376202-แม่สอด จ.ตาก,Apr-98,52,51,53,55,60,61,50,46,42,45,44,47,61,61,56,51,45,61,61,53,49,54,54,53,52,52,49,55,56,60,-,53
77  ,376202-แม่สอด จ.ตาก,May-98,58,58,55,55,56,54,56,57,52,54,59,59,68,76,74,72,73,79,88,85,76,80,83,79,77,82,85,85,82,78,79,70
78  ,376202-แม่สอด จ.ตาก,Jun-98,78,78,77,77,78,80,85,81,79,81,76,77,77,78,77,76,81,81,85,84,80,82,80,82,83,84,80,82,93,84,-,81
79  ,376202-แม่สอด จ.ตาก,Jul-98,83,84,91,89,89,85,83,85,91,92,81,84,87,83,81,80,77,73,76,77,80,78,79,80,82,84,86,77,74,77,85,82
80  ,376202-แม่สอด จ.ตาก,Aug-98,88,88,87,88,86,80,83,88,87,88,85,91,85,79,80,83,80,83,88,91,84,82,86,87,85,81,78,80,80,81,81,84
81  ,376202-แม่สอด จ.ตาก,Sep-98,79,86,84,82,86,87,88,87,89,86,84,82,81,81,83,82,83,86,83,85,80,82,81,82,79,77,74,77,77,84,-,83
82  ,376202-แม่สอด จ.ตาก,Oct-98,76,79,74,73,76,75,71,86,85,81,83,79,83,83,79,77,76,80,85,78,76,74,71,71,72,74,73,74,76,74,72,77
83  ,376202-แม่สอด จ.ตาก,Nov-98,72,69,74,73,70,69,69,70,71,68,69,71,69,69,68,70,69,67,69,70,78,82,72,75,72,70,68,68,74,80,-,71
84  ,376202-แม่สอด จ.ตาก,Dec-98,77,73,77,79,73,70,70,71,71,69,67,59,64,61,60,62,63,67,71,72,75,74,71,66,64,65,68,69,67,64,62,68
85  ,376202-แม่สอด จ.ตาก,Jan-99,65,67,66,63,63,64,64,63,64,69,64,68,68,68,71,68,61,65,63,65,65,62,62,57,57,58,62,69,73,70,69,65
86  ,376202-แม่สอด จ.ตาก,Feb-99,66,67,64,58,57,57,56,60,57,58,55,59,63,63,60,59,56,62,62,62,55,56,56,57,58,59,61,62,-,-,-,59
87  ,376202-แม่สอด จ.ตาก,Mar-99,61,70,63,58,57,54,48,49,59,61,61,60,58,57,52,52,57,51,55,64,62,66,69,77,76,64,61,60,59,60,62,60
88  ,376202-แม่สอด จ.ตาก,Apr-99,56,52,57,60,67,72,69,83,75,79,72,68,73,83,83,74,70,77,72,74,69,70,70,70,69,66,71,72,78,73,-,71
89  ,376202-แม่สอด จ.ตาก,May-99,71,75,74,72,80,78,80,77,73,80,88,87,81,78,76,76,80,82,77,75,86,84,86,84,85,82,90,89,91,85,81,81
90  ,376202-แม่สอด จ.ตาก,Jun-99,80,79,78,82,81,78,78,84,82,91,85,81,77,83,77,81,82,79,83,89,91,87,90,91,90,87,77,76,77,78,-,82
91  ,376202-แม่สอด จ.ตาก,Jul-99,79,84,82,80,81,91,82,83,84,86,87,92,87,87,87,84,83,82,82,79,82,83,81,82,91,92,88,88,91,86,86,85
92  ,376202-แม่สอด จ.ตาก,Aug-99,89,89,92,93,89,90,95,84,87,89,90,91,91,94,88,85,83,81,82,79,76,77,79,85,89,83,81,87,81,81,80,86
93  ,376202-แม่สอด จ.ตาก,Sep-99,84,81,77,76,79,88,82,83,85,85,84,87,84,80,80,85,84,84,83,91,85,80,78,88,84,83,85,82,79,81,-,83
94  ,376202-แม่สอด จ.ตาก,Oct-99,80,86,85,78,84,84,80,76,78,82,84,82,79,87,82,79,77,77,78,77,77,77,78,77,79,80,79,78,83,93,86,81
95  ,376202-แม่สอด จ.ตาก,Nov-99,84,87,85,80,78,75,79,81,82,85,82,77,81,81,86,78,72,75,72,74,75,78,74,73,75,75,77,76,76,76,-,78
96  ,376202-แม่สอด จ.ตาก,Dec-99,77,78,76,81,81,79,77,76,77,76,84,81,83,81,74,73,70,72,70,69,68,59,58,63,61,59,59,65,66,69,72,72
97  ,376202-แม่สอด จ.ตาก,Jan-00,71,70,72,72,74,73,73,74,75,71,70,72,69,65,61,61,65,67,68,74,70,68,71,68,69,68,68,64,63,66,63,69
98  ,376202-แม่สอด จ.ตาก,Feb-00,64,64,64,62,63,63,63,65,63,63,59,59,65,64,67,74,71,72,74,72,66,65,62,60,63,74,89,82,74,-,-,67
99  ,376202-แม่สอด จ.ตาก,Mar-00,69,69,65,61,59,59,59,57,58,58,56,56,59,62,60,62,60,59,54,53,54,57,60,66,65,59,54,71,84,79,69,62
100  ,376202-แม่สอด จ.ตาก,Apr-00,68,62,62,63,63,68,68,71,71,69,71,83,79,74,78,86,78,70,72,76,73,84,81,73,72,83,89,84,92,85,-,75
101  ,376202-แม่สอด จ.ตาก,May-00,84,76,75,79,82,79,74,77,76,79,77,77,81,86,81,89,86,86,92,96,87,83,79,81,88,91,85,82,78,80,81,82
102  ,376202-แม่สอด จ.ตาก,Jun-00,82,82,93,93,87,84,78,82,82,84,85,87,88,89,91,91,88,82,80,85,82,86,91,88,88,84,85,84,81,81,-,85
103  ,376202-แม่สอด จ.ตาก,Jul-00,82,80,78,82,87,86,89,90,90,90,96,89,91,86,91,91,97,97,94,89,88,89,90,88,89,92,86,83,86,84,84,88
104  ,376202-แม่สอด จ.ตาก,Aug-00,84,86,88,88,92,89,89,88,91,91,86,82,80,90,85,88,84,85,83,79,78,80,89,83,81,84,93,89,92,94,93,87
105  ,376202-แม่สอด จ.ตาก,Sep-00,85,89,90,95,92,95,91,85,83,81,85,91,89,83,88,82,77,78,79,80,85,84,83,86,80,79,85,89,89,92,-,86
106  ,376202-แม่สอด จ.ตาก,Oct-00,87,84,82,85,83,91,87,86,81,90,85,86,89,86,87,83,80,85,87,85,85,80,88,85,83,81,83,83,91,88,84,85
107  ,376202-แม่สอด จ.ตาก,Nov-00,77,74,76,74,76,79,78,77,80,78,78,76,76,76,75,72,75,74,76,75,76,74,79,75,75,77,77,77,78,78,-,76
108  ,376202-แม่สอด จ.ตาก,Dec-00,78,77,82,78,76,76,74,74,77,76,79,78,78,77,74,76,75,76,76,76,75,74,75,74,73,72,72,73,74,75,76,76
109  ,376202-แม่สอด จ.ตาก,Jan-01,76,75,78,79,76,76,76,76,77,77,74,75,74,76,79,80,75,73,74,75,77,77,74,72,67,64,67,69,70,67,63,74
110  ,376202-แม่สอด จ.ตาก,Feb-01,67,65,65,63,65,64,62,63,63,68,69,65,65,63,61,61,62,66,64,57,56,57,63,63,66,64,62,63,-,-,-,63
111  ,376202-แม่สอด จ.ตาก,Mar-01,61,63,66,71,71,66,62,64,91,81,79,77,77,79,83,76,73,73,71,73,80,85,77,75,73,70,75,66,68,68,68,73
112  ,376202-แม่สอด จ.ตาก,Apr-01,68,66,63,64,64,60,60,62,59,63,64,63,60,62,58,58,61,60,65,68,67,67,67,66,64,64,69,67,68,72,-,64
113  ,376202-แม่สอด จ.ตาก,May-01,85,93,95,85,83,85,87,93,88,86,83,85,82,87,82,89,86,78,80,88,86,83,86,85,77,81,88,85,88,85,84,85
114  ,376202-แม่สอด จ.ตาก,Jun-01,80,80,79,77,78,77,78,81,80,82,83,80,85,87,86,81,85,84,88,85,88,86,82,87,81,85,86,85,88,85,-,83
115  ,376202-แม่สอด จ.ตาก,Jul-01,82,85,86,82,89,89,88,88,89,83,88,83,88,88,84,86,85,90,85,91,93,90,90,81,81,85,84,87,84,84,86,86
116  ,376202-แม่สอด จ.ตาก,Aug-01,88,89,83,81,82,88,85,88,85,86,86,92,86,88,86,91,89,87,85,87,84,81,83,82,88,86,88,89,90,85,86,86
117  ,376202-แม่สอด จ.ตาก,Sep-01,86,82,87,85,82,80,78,84,83,85,79,81,86,93,81,79,80,79,85,80,83,86,81,87,83,83,84,83,81,82,-,83
118  ,376202-แม่สอด จ.ตาก,Oct-01,80,85,83,82,81,80,85,84,84,87,84,83,85,87,82,79,82,78,76,78,74,75,84,91,88,83,82,84,84,73,83,82
119  ,376202-แม่สอด จ.ตาก,Nov-01,84,82,71,82,74,72,77,74,78,74,76,76,79,79,71,67,72,71,69,68,69,69,70,71,73,74,70,72,72,74,-,74
120  ,376202-แม่สอด จ.ตาก,Dec-01,76,78,78,77,74,75,76,78,73,73,70,73,75,70,69,70,72,74,76,72,71,68,66,67,68,61,68,69,70,71,73,72
121  ,376202-แม่สอด จ.ตาก,Jan-02,77,71,60,70,68,70,70,68,70,71,74,74,73,74,74,71,69,68,68,69,72,71,72,72,71,67,61,66,72,69,68,70
122  ,376202-แม่สอด จ.ตาก,Feb-02,69,71,71,67,65,64,65,65,63,64,68,67,70,69,78,76,69,69,69,68,66,68,66,65,63,59,60,59,-,-,-,67
123  ,376202-แม่สอด จ.ตาก,Mar-02,57,59,59,59,57,60,65,68,66,65,63,62,60,57,58,62,62,65,70,65,58,56,83,69,57,56,54,55,52,61,63,61
124  ,376202-แม่สอด จ.ตาก,Apr-02,58,54,52,49,52,55,51,56,60,58,60,71,70,63,61,57,55,55,56,57,58,57,68,73,64,71,75,74,79,77,-,62
125  ,376202-แม่สอด จ.ตาก,May-02,70,72,71,77,68,66,64,63,64,69,84,91,87,87,83,89,90,92,94,82,79,79,78,80,75,78,80,80,80,86,85,79
126  ,376202-แม่สอด จ.ตาก,Jun-02,84,84,83,86,84,89,86,83,90,88,88,87,79,83,80,83,79,81,84,85,86,84,89,93,87,85,82,88,89,89,-,85
127  ,376202-แม่สอด จ.ตาก,Jul-02,89,89,93,92,88,90,94,88,88,91,89,89,89,89,85,84,86,88,87,90,93,90,94,90,82,90,88,89,92,88,84,89
128  ,376202-แม่สอด จ.ตาก,Aug-02,85,87,89,86,89,89,89,91,88,90,91,85,91,92,91,92,95,90,94,92,92,88,84,85,88,85,86,90,90,92,85,89
129  ,376202-แม่สอด จ.ตาก,Sep-02,87,94,94,92,95,95,90,94,92,87,88,83,87,89,89,91,87,89,89,88,92,90,86,84,86,85,82,84,89,87,-,89
130  ,376202-แม่สอด จ.ตาก,Oct-02,85,85,88,87,85,89,89,79,76,76,79,79,79,80,80,85,86,86,87,88,88,88,87,85,83,84,93,93,89,86,87,85
131  ,376202-แม่สอด จ.ตาก,Nov-02,87,85,89,85,78,80,81,82,78,73,73,78,80,79,80,84,89,86,82,78,79,77,77,86,93,90,91,85,83,83,-,82
132  ,376202-แม่สอด จ.ตาก,Dec-02,82,83,87,84,85,82,84,83,83,85,83,82,83,81,82,81,78,82,83,81,82,78,78,81,79,84,84,84,81,81,82,82
133  ,376202-แม่สอด จ.ตาก,Jan-03,85,89,84,80,79,80,82,79,77,78,77,76,76,78,79,80,80,76,77,79,78,79,79,79,80,77,79,79,78,80,77,79
134  ,376202-แม่สอด จ.ตาก,Feb-03,76,76,76,76,75,75,76,73,77,79,78,78,77,79,73,72,72,75,73,72,65,66,62,59,62,59,62,60,-,-,-,72
135  ,376202-แม่สอด จ.ตาก,Mar-03,59,59,62,57,60,59,60,58,59,66,67,63,73,77,75,70,64,61,63,64,61,66,63,67,71,75,77,87,81,90,79,68
136  ,376202-แม่สอด จ.ตาก,Apr-03,76,74,72,72,72,71,69,69,72,71,66,66,60,64,66,65,61,62,68,64,63,66,59,60,63,63,64,65,69,71,-,67
137  ,376202-แม่สอด จ.ตาก,May-03,81,81,73,69,69,67,68,72,72,68,71,81,80,70,73,70,81,85,89,86,78,75,75,84,82,78,79,77,76,75,84,76
138  ,376202-แม่สอด จ.ตาก,Jun-03,83,91,86,89,83,86,84,88,86,86,90,85,86,89,81,78,84,84,81,83,90,88,87,85,86,91,88,86,91,88,-,86
139  ,376202-แม่สอด จ.ตาก,Jul-03,89,85,83,82,79,79,85,87,85,84,85,88,86,82,80,86,78,79,81,84,87,89,92,88,91,87,81,82,87,86,88,85
140  ,376202-แม่สอด จ.ตาก,Aug-03,88,85,84,81,82,86,87,87,91,93,85,87,87,85,84,86,83,85,83,89,86,87,93,93,92,90,86,88,81,82,85,86
141  ,376202-แม่สอด จ.ตาก,Sep-03,87,86,90,90,88,87,87,87,87,89,89,90,88,94,89,90,85,81,83,84,86,87,89,90,82,85,86,86,90,89,-,87
142  ,376202-แม่สอด จ.ตาก,Oct-03,86,80,77,78,80,78,86,84,83,82,81,80,81,85,82,80,86,86,81,78,79,79,79,80,79,79,77,79,77,78,79,81
143  ,376202-แม่สอด จ.ตาก,Nov-03,79,78,78,78,78,78,80,81,79,79,78,77,77,76,79,79,79,77,72,73,72,75,72,72,74,73,75,73,73,74,-,76
144  ,376202-แม่สอด จ.ตาก,Dec-03,71,72,72,72,72,73,73,74,71,76,76,77,77,73,75,72,74,78,77,68,64,71,73,78,78,75,75,77,80,76,76,74
145  ,376203-เขื่อนภูมิพล จ.ตาก,Jan-98,67,67,68,67,72,72,70,65,59,50,47,46,49,49,50,43,42,50,54,55,59,55,54,53,59,68,67,63,65,64,59,58
146  ,376203-เขื่อนภูมิพล จ.ตาก,Feb-98,52,52,54,56,51,55,60,61,57,47,39,38,42,38,40,44,48,41,44,39,38,40,38,38,40,38,40,39,-,-,-,45
147  ,376203-เขื่อนภูมิพล จ.ตาก,Mar-98,42,50,40,39,37,41,32,36,41,37,31,39,43,42,41,38,37,36,30,36,33,31,35,39,39,44,54,55,53,49,53,40
148  ,376203-เขื่อนภูมิพล จ.ตาก,Apr-98,51,51,59,61,58,56,52,37,36,31,34,42,39,40,45,37,56,63,64,57,44,42,43,43,37,37,37,37,42,43,-,46
149  ,376203-เขื่อนภูมิพล จ.ตาก,May-98,43,41,44,39,54,59,58,60,50,55,53,59,76,74,62,67,64,76,88,81,69,62,62,55,60,74,82,72,64,62,73,63
150  ,376203-เขื่อนภูมิพล จ.ตาก,Jun-98,72,61,62,59,56,60,59,58,56,67,68,66,65,67,58,56,58,59,62,57,57,55,58,59,58,60,69,80,88,90,-,63
151  ,376203-เขื่อนภูมิพล จ.ตาก,Jul-98,76,72,84,91,89,76,72,72,80,82,75,66,67,75,75,66,62,65,60,55,55,58,61,61,63,66,67,69,64,74,84,70
152  ,376203-เขื่อนภูมิพล จ.ตาก,Aug-98,84,80,72,70,68,64,59,83,78,71,69,63,60,66,72,77,74,80,85,90,86,87,85,82,70,67,58,55,57,61,72,72
153  ,376203-เขื่อนภูมิพล จ.ตาก,Sep-98,80,87,88,76,66,76,80,75,65,82,78,74,72,64,68,76,82,82,78,80,79,79,80,81,82,79,77,78,75,72,-,77
154  ,376203-เขื่อนภูมิพล จ.ตาก,Oct-98,80,84,76,75,70,79,75,80,89,90,90,88,86,80,81,77,70,83,87,83,81,78,79,78,78,75,79,80,79,78,77,80
155  ,376203-เขื่อนภูมิพล จ.ตาก,Nov-98,79,81,83,80,71,75,73,74,75,70,74,74,75,71,66,66,74,81,81,78,83,92,81,80,78,75,71,88,91,85,-,78
156  ,376203-เขื่อนภูมิพล จ.ตาก,Dec-98,80,79,79,82,81,81,79,79,80,77,72,68,70,69,71,67,73,71,75,71,74,73,71,69,67,67,73,74,74,72,66,74
157  ,376203-เขื่อนภูมิพล จ.ตาก,Jan-99,66,69,71,70,72,70,69,66,69,66,70,69,84,77,73,63,66,69,66,67,68,64,57,50,48,57,68,71,79,77,71,68
158  ,376203-เขื่อนภูมิพล จ.ตาก,Feb-99,65,61,67,69,57,61,61,63,65,62,57,61,63,61,64,60,61,61,66,64,59,57,59,59,54,52,57,66,-,-,-,61
159  ,376203-เขื่อนภูมิพล จ.ตาก,Mar-99,69,68,56,49,49,42,29,33,40,46,44,39,33,31,36,42,40,29,32,41,38,48,69,70,53,45,39,40,49,60,57,46
160  ,376203-เขื่อนภูมิพล จ.ตาก,Apr-99,52,48,49,52,70,73,78,87,81,84,77,70,78,91,88,78,64,64,80,81,76,61,59,58,55,57,70,77,84,75,-,71
161  ,376203-เขื่อนภูมิพล จ.ตาก,May-99,75,70,65,71,89,76,68,76,77,87,94,86,86,87,79,69,68,67,70,83,84,88,89,90,89,83,78,70,79,83,77,79
162  ,376203-เขื่อนภูมิพล จ.ตาก,Jun-99,85,82,82,77,75,71,65,82,82,90,87,69,67,69,73,63,59,62,58,71,69,83,84,88,82,72,73,66,59,64,-,74
163  ,376203-เขื่อนภูมิพล จ.ตาก,Jul-99,63,66,65,79,78,80,75,62,70,74,66,66,64,70,64,66,73,74,63,60,59,61,65,66,71,90,89,82,79,68,77,70
164  ,376203-เขื่อนภูมิพล จ.ตาก,Aug-99,76,69,63,66,79,83,94,83,77,77,74,85,85,82,75,73,76,67,69,76,72,66,79,84,81,73,70,87,73,71,78,76
165  ,376203-เขื่อนภูมิพล จ.ตาก,Sep-99,82,76,68,67,77,83,89,77,72,69,69,71,71,62,72,83,90,77,70,72,83,81,76,92,89,85,82,82,74,86,-,78
166  ,376203-เขื่อนภูมิพล จ.ตาก,Oct-99,81,89,87,86,84,79,77,75,80,82,81,85,80,84,87,86,86,78,77,79,90,82,82,80,78,89,87,89,92,93,92,84
167  ,376203-เขื่อนภูมิพล จ.ตาก,Nov-99,89,92,88,88,86,80,87,86,84,84,82,83,77,86,87,84,76,78,77,80,78,81,76,75,77,79,81,80,81,79,-,82
168  ,376203-เขื่อนภูมิพล จ.ตาก,Dec-99,79,77,74,87,90,88,86,83,77,73,79,78,77,79,83,78,76,78,78,76,72,67,69,68,68,69,68,70,69,69,72,76
169  ,376203-เขื่อนภูมิพล จ.ตาก,Jan-00,74,74,77,75,75,74,69,65,71,70,69,62,57,55,55,58,59,59,69,73,71,72,71,61,63,71,70,69,69,68,70,68
170  ,376203-เขื่อนภูมิพล จ.ตาก,Feb-00,69,69,65,64,62,60,64,64,63,59,52,52,53,54,59,72,71,70,69,63,53,54,53,46,60,78,91,81,74,-,-,64
171  ,376203-เขื่อนภูมิพล จ.ตาก,Mar-00,74,69,69,56,45,46,43,44,40,42,45,43,41,46,48,44,45,45,41,37,41,45,58,78,72,59,59,57,65,66,60,52
172  ,376203-เขื่อนภูมิพล จ.ตาก,Apr-00,51,48,44,44,46,48,52,58,58,56,62,76,82,70,74,78,72,65,70,73,75,80,80,69,72,86,84,80,79,88,-,67
173  ,376203-เขื่อนภูมิพล จ.ตาก,May-00,79,68,77,89,88,82,68,64,60,59,65,74,84,87,88,86,80,77,89,95,82,80,80,71,69,73,67,70,72,73,80,77
174  ,376203-เขื่อนภูมิพล จ.ตาก,Jun-00,73,72,82,87,85,74,68,65,61,65,68,67,74,81,83,86,84,73,67,77,71,72,77,66,67,69,77,79,77,82,-,74
175  ,376203-เขื่อนภูมิพล จ.ตาก,Jul-00,76,76,72,72,82,77,72,71,71,78,82,74,73,61,63,74,79,89,80,67,62,67,66,67,66,63,57,59,65,65,60,71
176  ,376203-เขื่อนภูมิพล จ.ตาก,Aug-00,57,63,61,63,70,70,74,84,88,89,75,63,66,65,64,61,65,73,70,67,69,67,78,74,76,70,72,71,78,75,69,71
177  ,376203-เขื่อนภูมิพล จ.ตาก,Sep-00,84,89,83,91,83,81,69,64,77,75,80,90,91,81,82,87,79,77,76,78,88,82,81,88,81,75,79,86,91,89,-,82
178  ,376203-เขื่อนภูมิพล จ.ตาก,Oct-00,86,81,81,81,82,83,81,79,78,84,77,79,79,85,93,86,81,83,83,83,82,85,88,85,85,84,85,82,84,87,88,83
179  ,376203-เขื่อนภูมิพล จ.ตาก,Nov-00,79,77,78,79,77,77,75,76,77,80,79,75,83,79,78,80,82,83,76,77,83,81,80,78,76,79,83,80,83,80,-,79
180  ,376203-เขื่อนภูมิพล จ.ตาก,Dec-00,77,78,80,79,79,82,79,76,75,76,79,79,76,80,79,78,76,74,75,73,75,76,76,77,74,73,72,72,70,73,77,76
181  ,376203-เขื่อนภูมิพล จ.ตาก,Jan-01,75,75,72,73,73,72,71,69,67,68,59,62,64,71,74,82,76,71,71,73,73,71,67,66,62,59,55,60,72,68,62,69
182  ,376203-เขื่อนภูมิพล จ.ตาก,Feb-01,56,53,56,59,54,49,46,55,72,69,71,66,59,63,63,64,63,64,59,49,46,45,40,44,47,49,59,53,-,-,-,56
183  ,376203-เขื่อนภูมิพล จ.ตาก,Mar-01,51,60,57,63,69,57,54,62,94,90,91,95,93,84,80,72,67,67,73,71,78,83,81,78,68,55,56,53,55,64,71,71
184  ,376203-เขื่อนภูมิพล จ.ตาก,Apr-01,70,72,69,63,60,57,59,54,48,53,52,58,61,55,61,63,59,47,48,48,48,48,45,48,57,58,59,47,49,56,-,56
185  ,376203-เขื่อนภูมิพล จ.ตาก,May-01,69,90,96,84,78,76,80,78,72,77,82,83,80,86,74,83,88,77,72,87,76,68,63,62,73,82,89,85,91,86,90,80
186  ,376203-เขื่อนภูมิพล จ.ตาก,Jun-01,85,83,83,76,73,70,71,78,73,77,87,76,77,73,69,68,69,69,68,67,70,69,69,69,68,67,68,69,76,74,-,73
187  ,376203-เขื่อนภูมิพล จ.ตาก,Jul-01,66,62,64,66,79,75,76,71,88,91,75,68,67,69,70,75,81,80,84,76,78,88,74,72,64,67,69,69,69,66,73,73
188  ,376203-เขื่อนภูมิพล จ.ตาก,Aug-01,78,81,83,82,77,86,87,78,77,71,72,90,80,74,76,72,68,69,68,64,62,63,63,65,63,63,66,79,79,70,65,73
189  ,376203-เขื่อนภูมิพล จ.ตาก,Sep-01,69,65,66,66,66,68,73,67,73,79,70,71,90,91,81,69,64,66,79,83,82,89,78,81,88,86,87,84,82,81,-,76
190  ,376203-เขื่อนภูมิพล จ.ตาก,Oct-01,86,86,82,84,86,82,79,82,86,91,84,86,84,85,81,83,86,82,83,80,78,78,86,94,95,89,82,84,95,87,83,85
191  ,376203-เขื่อนภูมิพล จ.ตาก,Nov-01,84,81,81,81,78,79,83,80,84,84,86,84,81,94,85,78,77,78,79,77,75,78,78,77,76,76,80,80,80,80,-,80
192  ,376203-เขื่อนภูมิพล จ.ตาก,Dec-01,85,80,81,80,80,79,87,86,83,80,76,81,84,85,83,79,78,78,83,82,84,78,84,80,82,76,79,80,84,81,79,81
193  ,376203-เขื่อนภูมิพล จ.ตาก,Jan-02,88,82,80,78,77,78,78,76,77,78,78,80,79,82,80,71,66,69,70,72,75,80,78,75,72,65,62,72,86,79,80,76
194  ,376203-เขื่อนภูมิพล จ.ตาก,Feb-02,79,76,73,68,61,60,64,66,63,70,77,75,69,69,73,70,67,69,69,64,65,63,60,61,62,55,52,53,-,-,-,66
195  ,376203-เขื่อนภูมิพล จ.ตาก,Mar-02,57,57,57,52,55,62,73,72,77,68,63,58,57,50,50,50,52,72,80,72,69,63,73,72,62,60,63,63,54,54,58,62
196  ,376203-เขื่อนภูมิพล จ.ตาก,Apr-02,65,53,54,50,53,54,51,52,51,54,55,71,70,70,66,57,53,55,57,61,61,55,66,74,74,78,75,79,78,70,-,62
197  ,376203-เขื่อนภูมิพล จ.ตาก,May-02,73,70,72,80,81,77,72,69,75,82,90,95,84,82,87,85,91,93,95,80,77,72,70,71,73,77,78,83,90,78,73,80
198  ,376203-เขื่อนภูมิพล จ.ตาก,Jun-02,74,76,70,74,74,75,74,71,78,76,78,73,74,74,75,75,73,73,74,77,80,81,87,81,80,77,79,77,76,78,-,76
199  ,376203-เขื่อนภูมิพล จ.ตาก,Jul-02,76,78,77,77,72,76,82,76,76,77,79,84,86,87,80,80,81,81,76,82,96,88,79,79,82,85,88,80,80,77,73,80
200  ,376203-เขื่อนภูมิพล จ.ตาก,Aug-02,75,81,87,82,83,78,81,80,78,77,72,76,79,84,81,79,76,72,78,90,92,82,86,83,85,79,78,80,84,86,79,81
201  ,376203-เขื่อนภูมิพล จ.ตาก,Sep-02,91,93,91,92,94,93,87,83,83,87,84,82,82,80,79,79,81,87,86,88,92,85,83,84,93,88,82,81,89,87,-,86
202  ,376203-เขื่อนภูมิพล จ.ตาก,Oct-02,85,84,88,83,87,89,94,83,83,83,80,83,85,84,83,83,83,88,87,88,84,84,88,89,87,86,96,93,91,86,85,86
203  ,376203-เขื่อนภูมิพล จ.ตาก,Nov-02,92,90,93,91,82,84,83,83,82,83,86,87,84,84,86,85,89,89,88,88,85,87,87,91,92,94,92,90,88,86,-,87
204  ,376203-เขื่อนภูมิพล จ.ตาก,Dec-02,85,86,87,86,89,85,87,85,91,88,87,89,88,88,86,84,83,85,83,81,80,82,83,88,85,87,88,91,89,87,87,86
205  ,376203-เขื่อนภูมิพล จ.ตาก,Jan-03,89,89,88,85,82,84,84,84,83,84,86,85,85,85,86,86,82,82,81,82,83,80,80,80,81,79,80,76,79,83,80,83
206  ,376203-เขื่อนภูมิพล จ.ตาก,Feb-03,80,80,81,83,81,81,82,80,74,72,76,75,78,84,81,71,72,72,60,68,66,67,68,66,66,63,58,66,-,-,-,73
207  ,376203-เขื่อนภูมิพล จ.ตาก,Mar-03,63,53,58,60,57,52,60,66,73,77,82,74,72,81,73,71,70,64,58,58,68,79,79,81,73,75,81,86,88,94,84,71
208  ,376203-เขื่อนภูมิพล จ.ตาก,Apr-03,75,70,67,67,71,73,70,64,65,70,69,61,63,65,70,70,72,64,68,68,71,71,66,71,70,73,71,67,73,78,-,69
209  ,376203-เขื่อนภูมิพล จ.ตาก,May-03,92,84,74,72,72,62,66,71,76,72,83,86,80,77,76,76,74,79,83,85,80,74,79,74,73,72,74,71,72,81,89,77
210  ,376203-เขื่อนภูมิพล จ.ตาก,Jun-03,91,89,89,87,84,86,87,88,77,76,83,79,78,78,76,76,82,79,75,81,81,77,82,83,78,77,79,75,86,90,-,82
211  ,376203-เขื่อนภูมิพล จ.ตาก,Jul-03,89,84,85,84,81,79,81,90,79,74,78,79,86,85,86,83,80,79,75,73,68,78,82,92,92,90,82,74,71,76,79,81
212  ,376203-เขื่อนภูมิพล จ.ตาก,Aug-03,74,72,81,86,82,77,79,77,78,75,77,78,78,79,75,73,85,86,85,89,85,82,81,88,83,88,89,87,80,78,78,81
213  ,376203-เขื่อนภูมิพล จ.ตาก,Sep-03,74,78,80,80,71,74,78,81,88,90,89,83,83,94,91,88,84,80,81,82,87,90,87,87,86,89,92,88,87,88,-,84
214  ,376203-เขื่อนภูมิพล จ.ตาก,Oct-03,91,89,87,85,87,87,86,86,86,86,84,84,79,85,88,87,88,88,88,88,88,89,88,86,84,82,83,82,85,86,84,86
215  ,376203-เขื่อนภูมิพล จ.ตาก,Nov-03,86,81,82,80,81,81,82,82,80,81,81,84,84,82,78,79,82,83,80,81,78,77,83,83,83,84,84,79,78,83,-,81
216  ,376203-เขื่อนภูมิพล จ.ตาก,Dec-03,83,83,75,71,68,70,68,73,72,70,71,73,71,70,66,65,62,62,69,69,64,66,65,66,63,67,58,65,63,67,61,68
217  ,376401-อุ้มผาง จ.ตาก,Jan-98,78,78,79,78,82,78,76,77,76,74,75,77,77,72,76,78,72,71,70,70,75,78,75,71,74,75,76,72,71,71,71,75
218  ,376401-อุ้มผาง จ.ตาก,Feb-98,70,72,72,70,69,68,64,67,68,69,63,63,64,63,60,68,69,65,66,67,60,66,65,63,60,60,61,61,-,-,-,65
219  ,376401-อุ้มผาง จ.ตาก,Mar-98,62,62,61,61,62,59,58,58,60,55,57,61,61,61,62,60,58,61,60,60,57,52,56,58,61,62,66,64,65,66,63,60
220  ,376401-อุ้มผาง จ.ตาก,Apr-98,61,65,67,67,77,69,59,56,54,50,49,55,58,57,54,47,49,58,61,57,54,53,56,58,55,54,54,56,60,60,-,58
221  ,376401-อุ้มผาง จ.ตาก,May-98,63,60,56,55,68,77,68,77,67,60,69,73,74,79,73,72,68,77,83,90,76,82,83,83,75,81,84,83,79,84,89,74
222  ,376401-อุ้มผาง จ.ตาก,Jun-98,83,85,88,85,82,83,84,86,87,83,79,83,81,86,83,78,78,79,80,81,81,77,77,79,79,83,84,84,87,83,-,82
223  ,376401-อุ้มผาง จ.ตาก,Jul-98,85,84,91,84,86,90,83,84,90,88,80,84,88,86,84,82,84,81,87,82,82,84,87,83,88,87,85,83,85,87,85,85
224  ,376401-อุ้มผาง จ.ตาก,Aug-98,87,84,87,89,90,85,85,87,85,82,85,88,88,85,84,89,83,89,87,90,84,90,84,84,84,88,83,84,87,89,85,86
225  ,376401-อุ้มผาง จ.ตาก,Sep-98,85,88,86,86,83,91,86,88,84,86,88,84,86,86,84,88,88,88,83,88,80,81,86,87,82,85,80,84,83,86,-,85
226  ,376401-อุ้มผาง จ.ตาก,Oct-98,88,88,82,82,83,81,86,89,89,90,86,86,87,88,87,85,89,90,86,85,86,85,82,81,80,79,79,83,82,81,81,85
227  ,376401-อุ้มผาง จ.ตาก,Nov-98,78,80,88,84,84,80,80,82,80,82,81,81,81,81,81,85,81,82,80,82,91,90,85,81,81,80,82,88,82,84,-,83
228  ,376401-อุ้มผาง จ.ตาก,Dec-98,82,81,81,80,79,81,78,79,76,79,77,73,74,74,72,80,76,80,79,81,79,77,78,75,74,75,74,75,75,76,77,77
229  ,376401-อุ้มผาง จ.ตาก,Jan-99,75,79,74,72,74,76,73,72,71,78,76,74,71,76,72,72,70,77,70,71,72,71,70,65,69,69,77,77,87,82,79,74
230  ,376401-อุ้มผาง จ.ตาก,Feb-99,83,81,82,73,68,70,69,71,70,70,69,69,69,71,70,70,70,69,72,73,69,66,68,67,65,68,68,71,-,-,-,71
231  ,376401-อุ้มผาง จ.ตาก,Mar-99,76,73,66,61,62,59,61,63,64,63,65,62,62,62,59,59,56,57,57,66,62,78,79,74,79,70,69,66,61,64,67,65
232  ,376401-อุ้มผาง จ.ตาก,Apr-99,65,64,79,85,83,73,79,86,86,86,82,81,83,87,80,85,84,87,87,91,80,84,79,84,83,76,85,84,81,76,-,82
233  ,376401-อุ้มผาง จ.ตาก,May-99,80,87,86,88,88,82,86,85,79,77,82,88,89,82,80,81,83,83,79,83,83,85,87,87,87,86,86,85,88,88,86,84
234  ,376401-อุ้มผาง จ.ตาก,Jun-99,90,90,87,84,88,87,87,86,85,90,87,84,88,82,83,86,87,90,91,89,89,93,90,93,89,82,80,82,83,86,-,87
235  ,376401-อุ้มผาง จ.ตาก,Jul-99,88,88,82,84,85,88,83,83,83,81,87,87,84,89,87,86,84,85,82,86,81,84,90,88,92,91,90,88,92,89,91,86
236  ,376401-อุ้มผาง จ.ตาก,Aug-99,89,89,91,92,94,91,94,91,87,88,91,90,90,90,88,88,86,84,85,86,85,82,83,85,87,84,82,87,86,89,86,88
237  ,376401-อุ้มผาง จ.ตาก,Sep-99,87,89,86,81,88,85,87,85,82,83,89,88,85,88,88,90,90,84,85,88,88,85,83,88,85,86,84,88,82,85,-,86
238  ,376401-อุ้มผาง จ.ตาก,Oct-99,83,93,86,84,84,88,85,86,86,88,86,85,89,94,88,83,84,81,85,85,83,80,83,90,87,91,85,84,84,87,92,86
239  ,376401-อุ้มผาง จ.ตาก,Nov-99,90,91,87,90,91,86,92,89,85,82,86,83,84,86,88,78,82,79,80,81,80,83,83,82,83,81,81,82,81,83,-,84
240  ,376401-อุ้มผาง จ.ตาก,Dec-99,81,80,81,88,86,84,81,82,82,82,83,85,83,79,83,82,81,81,87,83,79,75,79,77,76,70,77,74,76,78,76,80
241  ,376401-อุ้มผาง จ.ตาก,Jan-00,78,76,79,79,78,80,78,76,80,76,77,76,73,70,69,69,72,74,74,77,73,80,76,75,75,76,71,69,69,71,74,75
242  ,376401-อุ้มผาง จ.ตาก,Feb-00,70,70,71,70,67,68,68,69,69,68,67,67,70,69,75,84,80,80,76,76,72,81,71,67,70,83,84,83,81,-,-,73
243  ,376401-อุ้มผาง จ.ตาก,Mar-00,79,76,68,65,64,62,64,62,61,58,64,64,65,65,64,64,64,61,61,64,61,61,73,83,74,69,66,67,77,79,80,67
244  ,376401-อุ้มผาง จ.ตาก,Apr-00,74,69,66,66,65,62,67,70,74,74,73,83,86,79,78,88,84,80,86,84,80,86,82,79,78,86,87,88,87,85,-,78
245  ,376401-อุ้มผาง จ.ตาก,May-00,90,81,82,81,85,84,82,81,87,81,80,83,80,86,86,90,87,88,91,95,92,88,87,80,86,83,78,81,83,84,88,85
246  ,376401-อุ้มผาง จ.ตาก,Jun-00,85,86,90,90,81,85,82,82,86,82,89,89,88,90,93,91,90,86,83,85,85,82,86,82,84,84,83,87,86,84,-,86
247  ,376401-อุ้มผาง จ.ตาก,Jul-00,81,83,84,84,88,90,84,86,88,88,93,90,87,83,91,88,94,89,87,84,84,88,85,88,88,87,87,88,91,82,78,87
248  ,376401-อุ้มผาง จ.ตาก,Aug-00,82,80,85,87,89,87,86,88,87,87,85,85,80,86,84,88,89,86,87,85,87,86,95,88,86,88,91,92,89,88,91,87
249  ,376401-อุ้มผาง จ.ตาก,Sep-00,92,93,91,90,93,94,91,88,91,88,91,89,91,84,87,82,79,78,79,82,88,87,89,90,86,85,87,88,82,85,-,87
250  ,376401-อุ้มผาง จ.ตาก,Oct-00,82,84,83,86,85,91,89,86,89,87,85,86,86,86,85,86,87,88,84,85,88,86,87,89,84,84,85,85,85,82,87,86
251  ,376401-อุ้มผาง จ.ตาก,Nov-00,83,80,80,78,79,74,78,80,80,80,81,81,81,81,81,81,85,84,84,82,77,83,86,82,80,84,80,82,81,82,-,81
252  ,376401-อุ้มผาง จ.ตาก,Dec-00,79,81,81,80,79,79,81,81,85,84,88,81,81,79,78,80,79,79,79,80,79,79,80,79,78,80,78,78,78,76,76,80
253  ,376401-อุ้มผาง จ.ตาก,Jan-01,75,78,78,78,76,77,81,79,77,77,76,78,78,82,80,80,77,78,80,76,81,82,81,82,77,72,74,75,74,74,72,78
254  ,376401-อุ้มผาง จ.ตาก,Feb-01,70,72,65,73,75,69,69,73,71,70,73,74,71,72,67,65,69,71,70,68,64,66,66,62,66,69,73,68,-,-,-,69
255  ,376401-อุ้มผาง จ.ตาก,Mar-01,70,68,69,77,70,69,64,70,86,88,89,83,77,77,84,74,80,87,80,76,81,91,87,81,77,76,76,71,72,72,79,77
256  ,376401-อุ้มผาง จ.ตาก,Apr-01,77,78,74,73,76,75,73,73,74,72,71,68,68,75,83,76,73,73,72,73,73,69,69,68,66,69,71,73,70,82,-,73
257  ,376401-อุ้มผาง จ.ตาก,May-01,90,94,90,88,87,87,82,91,86,83,81,84,77,83,80,84,80,76,76,85,84,89,88,84,78,81,89,85,86,87,82,84
258  ,376401-อุ้มผาง จ.ตาก,Jun-01,81,83,84,87,84,80,83,86,85,85,83,81,84,86,85,83,88,85,86,84,82,90,88,89,89,89,91,86,93,87,-,86
259  ,376401-อุ้มผาง จ.ตาก,Jul-01,85,87,84,85,90,92,89,92,93,89,87,82,86,87,90,85,87,88,85,88,94,88,85,81,82,81,79,90,85,85,85,87
260  ,376401-อุ้มผาง จ.ตาก,Aug-01,88,91,90,82,88,91,89,90,86,91,92,92,85,91,89,92,91,86,89,88,88,88,86,85,86,86,87,89,91,90,85,88
261  ,376401-อุ้มผาง จ.ตาก,Sep-01,89,87,89,86,83,86,83,85,88,88,83,89,91,89,83,81,82,82,88,85,90,91,87,87,85,86,82,82,87,84,-,86
262  ,376401-อุ้มผาง จ.ตาก,Oct-01,82,90,85,83,84,84,90,86,86,87,86,83,84,87,84,83,86,82,81,82,82,85,92,94,89,85,85,87,86,82,83,85
263  ,376401-อุ้มผาง จ.ตาก,Nov-01,84,83,84,89,84,81,85,79,81,81,85,84,82,82,82,80,81,78,79,78,82,80,81,80,81,79,79,79,80,81,-,81
264  ,376401-อุ้มผาง จ.ตาก,Dec-01,82,82,82,79,81,85,87,87,81,85,81,82,84,79,81,80,84,85,83,80,79,75,80,82,80,77,78,80,77,79,82,81
265  ,376401-อุ้มผาง จ.ตาก,Jan-02,81,79,76,78,80,80,75,76,78,78,78,78,75,80,79,81,78,75,75,75,76,80,80,77,75,75,73,77,80,77,73,77
266  ,376401-อุ้มผาง จ.ตาก,Feb-02,73,72,75,73,72,74,72,74,72,75,75,77,79,78,78,69,72,71,72,70,68,70,69,69,69,65,67,65,-,-,-,72
267  ,376401-อุ้มผาง จ.ตาก,Mar-02,62,60,65,64,63,65,65,66,70,73,73,67,67,62,59,61,65,68,83,76,69,74,77,66,61,62,59,62,64,61,66,66
268  ,376401-อุ้มผาง จ.ตาก,Apr-02,65,60,61,58,57,58,58,61,60,62,61,74,80,73,69,63,63,62,70,77,75,65,75,82,79,78,80,86,85,87,-,69
269  ,376401-อุ้มผาง จ.ตาก,May-02,79,76,80,70,75,75,73,77,74,75,82,87,85,86,82,83,90,91,90,85,81,85,82,80,79,83,85,93,86,84,80,82
270  ,376401-อุ้มผาง จ.ตาก,Jun-02,84,83,81,88,83,91,87,86,86,89,81,87,79,86,81,85,82,80,85,89,87,83,88,92,85,87,88,85,87,83,-,85
271  ,376401-อุ้มผาง จ.ตาก,Jul-02,87,85,89,87,87,90,91,92,86,93,90,87,88,88,86,88,82,89,90,87,89,87,89,90,85,91,91,83,88,83,80,88
272  ,376401-อุ้มผาง จ.ตาก,Aug-02,84,88,85,88,89,92,89,89,86,90,87,88,86,90,94,92,95,88,92,96,92,89,85,88,88,83,85,87,86,92,88,89
273  ,376401-อุ้มผาง จ.ตาก,Sep-02,91,90,95,94,97,95,89,94,90,89,87,86,89,88,89,91,88,89,87,91,90,93,84,88,89,85,85,88,88,85,-,89
274  ,376401-อุ้มผาง จ.ตาก,Oct-02,83,87,87,86,81,88,88,76,79,79,79,80,80,79,80,88,88,85,84,82,89,87,88,84,84,87,92,87,84,83,83,84
275  ,376401-อุ้มผาง จ.ตาก,Nov-02,89,85,85,82,82,82,85,77,75,82,79,82,83,84,83,85,89,86,84,84,83,81,83,86,91,84,86,86,82,82,-,84
276  ,376401-อุ้มผาง จ.ตาก,Dec-02,86,86,86,85,87,83,85,81,85,81,82,82,83,80,81,82,80,82,82,79,79,83,81,81,79,82,81,78,76,80,83,82
277  ,376401-อุ้มผาง จ.ตาก,Jan-03,82,89,84,82,82,83,79,79,75,80,80,76,77,80,80,76,80,81,79,77,73,75,76,76,75,71,73,76,79,75,74,78
278  ,376401-อุ้มผาง จ.ตาก,Feb-03,74,75,76,73,67,67,70,69,72,75,74,75,74,77,76,66,64,66,66,65,68,63,65,67,68,67,66,72,-,-,-,70
279  ,376401-อุ้มผาง จ.ตาก,Mar-03,64,64,60,60,63,62,59,60,65,75,81,78,87,88,74,69,65,66,65,65,65,67,70,79,83,89,86,86,83,85,81,72
280  ,376401-อุ้มผาง จ.ตาก,Apr-03,78,82,73,70,72,76,78,71,72,70,69,68,70,72,72,68,68,67,71,73,76,76,74,73,67,80,75,84,85,78,-,74
281  ,376401-อุ้มผาง จ.ตาก,May-03,82,81,75,76,75,70,70,76,77,71,82,80,76,69,72,71,77,79,86,83,79,78,75,83,79,80,78,76,75,80,86,77
282  ,376401-อุ้มผาง จ.ตาก,Jun-03,87,90,91,88,80,86,82,85,87,94,90,91,88,92,90,87,86,86,84,86,88,83,84,85,85,83,86,85,89,90,-,87
283  ,376401-อุ้มผาง จ.ตาก,Jul-03,91,86,86,77,83,84,89,85,88,85,83,88,89,86,83,86,83,82,87,87,90,94,95,90,92,90,89,84,92,91,88,87
284  ,376401-อุ้มผาง จ.ตาก,Aug-03,87,88,86,90,87,89,92,89,92,86,87,84,86,83,83,82,87,86,90,89,89,87,88,93,88,88,90,90,82,85,86,87
285  ,376401-อุ้มผาง จ.ตาก,Sep-03,84,87,89,88,88,84,87,89,91,89,86,88,90,93,93,88,87,88,85,89,86,90,90,88,83,87,94,86,87,84,-,88
286  ,376401-อุ้มผาง จ.ตาก,Oct-03,84,81,82,83,81,81,92,86,87,85,85,82,85,89,86,79,89,84,84,84,84,85,80,79,80,81,81,82,78,81,82,83
287  ,376401-อุ้มผาง จ.ตาก,Nov-03,80,82,80,82,78,78,80,78,77,79,78,78,77,81,80,80,77,78,80,76,76,77,76,79,78,77,81,80,77,80,-,79
288  ,376401-อุ้มผาง จ.ตาก,Dec-03,77,78,76,78,78,78,76,78,78,78,79,76,78,75,76,76,78,76,76,69,69,71,75,76,75,76,70,73,74,75,74,76
289  ,378201-พิษณุโลก จ.พิษณุโลก,Jan-98,67,69,71,71,70,67,66,67,66,67,61,64,72,64,55,61,61,62,63,73,73,74,66,65,71,66,65,62,60,61,65,66
290  ,378201-พิษณุโลก จ.พิษณุโลก,Feb-98,67,70,72,75,74,77,74,71,71,62,60,68,60,65,63,59,55,54,54,54,54,58,66,58,54,57,57,62,-,-,-,63
291  ,378201-พิษณุโลก จ.พิษณุโลก,Mar-98,67,66,68,64,62,59,57,51,46,53,47,57,63,60,61,58,55,59,59,62,56,60,54,57,59,63,69,61,70,62,63,60
292  ,378201-พิษณุโลก จ.พิษณุโลก,Apr-98,64,64,64,67,64,64,63,59,60,59,56,53,58,58,53,56,64,66,72,71,70,65,64,59,56,59,61,60,56,49,-,61
293  ,378201-พิษณุโลก จ.พิษณุโลก,May-98,55,55,58,57,57,53,60,57,53,66,59,62,70,68,63,60,62,80,79,80,70,78,73,71,73,84,85,77,74,76,77,67
294  ,378201-พิษณุโลก จ.พิษณุโลก,Jun-98,76,75,75,73,72,77,77,74,71,69,66,66,65,67,68,59,64,63,73,70,69,63,65,61,68,68,77,77,77,82,-,70
295  ,378201-พิษณุโลก จ.พิษณุโลก,Jul-98,83,81,91,85,89,86,81,82,86,83,78,78,82,82,79,75,75,72,71,64,65,70,72,74,79,77,75,76,74,76,83,78
296  ,378201-พิษณุโลก จ.พิษณุโลก,Aug-98,83,80,80,77,71,71,81,84,85,82,87,79,77,77,76,77,76,80,85,84,80,77,82,84,79,73,71,67,71,76,78,78
297  ,378201-พิษณุโลก จ.พิษณุโลก,Sep-98,81,82,76,78,82,81,81,81,78,83,79,81,77,77,74,80,80,84,84,87,82,81,78,88,81,78,76,72,76,83,-,80
298  ,378201-พิษณุโลก จ.พิษณุโลก,Oct-98,83,78,75,72,78,77,80,77,83,85,86,83,85,84,80,79,78,85,80,77,70,71,68,69,74,73,72,74,76,72,71,77
299  ,378201-พิษณุโลก จ.พิษณุโลก,Nov-98,73,71,72,83,78,71,68,71,67,69,64,64,68,66,67,70,75,75,73,71,83,84,80,74,74,77,82,88,87,80,-,74
300  ,378201-พิษณุโลก จ.พิษณุโลก,Dec-98,77,77,78,75,74,69,69,64,64,66,63,64,66,65,60,71,56,71,75,79,72,73,71,64,64,68,70,69,67,64,66,69
301  ,378201-พิษณุโลก จ.พิษณุโลก,Jan-99,66,68,72,72,72,73,57,57,63,63,70,63,82,74,71,69,65,68,68,68,63,67,66,61,65,72,74,72,86,83,73,69
302  ,378201-พิษณุโลก จ.พิษณุโลก,Feb-99,70,73,72,67,62,64,64,65,63,66,64,63,66,66,67,66,66,67,71,67,60,64,65,68,68,71,67,64,-,-,-,66
303  ,378201-พิษณุโลก จ.พิษณุโลก,Mar-99,63,64,66,65,67,66,59,52,54,50,54,55,59,60,61,58,60,54,58,60,61,62,69,65,67,61,57,60,65,64,61,61
304  ,378201-พิษณุโลก จ.พิษณุโลก,Apr-99,60,59,55,58,62,81,77,73,74,76,80,74,72,82,77,83,72,72,77,85,75,69,69,69,67,67,78,85,86,76,-,73
305  ,378201-พิษณุโลก จ.พิษณุโลก,May-99,71,70,75,76,89,79,79,79,76,83,85,88,81,81,81,79,77,75,74,83,81,78,83,81,78,79,79,80,83,79,78,79
306  ,378201-พิษณุโลก จ.พิษณุโลก,Jun-99,77,80,80,81,80,75,76,81,78,87,84,81,76,75,84,80,79,78,78,89,83,76,81,91,86,78,77,72,70,69,-,79
307  ,378201-พิษณุโลก จ.พิษณุโลก,Jul-99,69,76,77,78,82,88,80,80,73,75,75,77,77,75,79,80,78,82,78,75,78,80,78,80,83,88,83,81,78,80,87,79
308  ,378201-พิษณุโลก จ.พิษณุโลก,Aug-99,83,80,79,80,84,80,83,75,78,78,92,91,88,84,85,81,80,75,75,79,74,79,78,81,85,82,81,81,81,82,77,81
309  ,378201-พิษณุโลก จ.พิษณุโลก,Sep-99,80,75,72,78,82,79,79,83,82,77,83,83,82,76,78,84,85,86,82,86,82,75,78,87,82,86,79,81,79,74,-,81
310  ,378201-พิษณุโลก จ.พิษณุโลก,Oct-99,85,88,87,87,79,76,78,79,80,75,82,80,77,76,78,82,85,71,73,77,84,79,74,78,77,83,84,81,82,83,91,80
311  ,378201-พิษณุโลก จ.พิษณุโลก,Nov-99,90,82,81,74,75,79,84,79,77,76,82,79,81,79,85,76,68,65,74,71,70,67,73,71,75,76,75,67,65,65,-,75
312  ,378201-พิษณุโลก จ.พิษณุโลก,Dec-99,67,63,65,74,78,74,77,72,63,70,69,70,69,69,68,66,67,66,61,57,61,49,56,59,59,61,62,64,66,70,70,66
313  ,378201-พิษณุโลก จ.พิษณุโลก,Jan-00,73,71,69,70,70,71,75,72,73,73,74,70,70,68,64,60,65,72,73,68,66,66,68,65,65,66,62,65,61,58,60,68
314  ,378201-พิษณุโลก จ.พิษณุโลก,Feb-00,56,60,65,64,66,62,66,67,63,60,58,62,66,68,72,80,76,76,74,73,71,67,68,65,68,67,75,71,70,-,-,67
315  ,378201-พิษณุโลก จ.พิษณุโลก,Mar-00,82,70,67,63,63,64,59,62,58,61,59,57,55,50,55,58,54,55,62,63,61,65,59,69,65,55,54,61,65,65,66,61
316  ,378201-พิษณุโลก จ.พิษณุโลก,Apr-00,65,58,55,58,58,62,59,63,64,69,75,73,83,77,81,86,76,70,75,75,73,77,76,72,70,75,75,76,76,79,-,71
317  ,378201-พิษณุโลก จ.พิษณุโลก,May-00,79,77,77,76,72,70,70,73,65,66,65,81,80,78,77,82,87,83,82,91,87,79,75,72,78,72,72,73,72,76,74,76
318  ,378201-พิษณุโลก จ.พิษณุโลก,Jun-00,74,85,86,84,81,81,72,72,76,75,82,83,77,80,89,83,84,81,78,77,78,77,81,86,83,85,85,78,79,79,-,80
319  ,378201-พิษณุโลก จ.พิษณุโลก,Jul-00,78,80,74,76,83,78,81,89,83,79,89,93,82,77,75,84,82,84,82,84,78,84,80,83,81,76,71,71,78,76,72,80
320  ,378201-พิษณุโลก จ.พิษณุโลก,Aug-00,68,71,78,75,80,78,82,83,84,87,79,74,73,69,74,75,77,81,81,79,76,79,91,82,82,86,88,83,85,85,85,80
321  ,378201-พิษณุโลก จ.พิษณุโลก,Sep-00,84,87,87,89,90,88,82,79,81,79,92,85,81,83,82,71,72,73,73,72,71,75,84,83,79,79,82,74,84,80,-,81
322  ,378201-พิษณุโลก จ.พิษณุโลก,Oct-00,79,79,79,76,77,85,81,78,79,78,81,84,84,83,83,84,83,79,74,78,80,85,89,91,85,80,77,75,80,83,87,81
323  ,378201-พิษณุโลก จ.พิษณุโลก,Nov-00,72,67,67,70,72,74,75,74,75,71,68,71,74,67,68,63,71,71,74,73,65,67,74,74,70,72,75,74,71,71,-,71
324  ,378201-พิษณุโลก จ.พิษณุโลก,Dec-00,72,72,74,73,74,73,64,67,65,68,68,71,71,73,69,69,69,71,71,70,67,74,67,63,62,64,67,71,70,72,73,69
325  ,378201-พิษณุโลก จ.พิษณุโลก,Jan-01,72,72,69,68,66,69,70,76,76,72,66,67,68,73,82,71,71,70,68,68,71,71,75,74,73,70,75,74,70,72,67,71
326  ,378201-พิษณุโลก จ.พิษณุโลก,Feb-01,60,60,70,75,74,70,69,69,73,78,73,67,66,60,65,66,62,64,63,60,67,70,66,62,60,61,66,65,-,-,-,66
327  ,378201-พิษณุโลก จ.พิษณุโลก,Mar-01,68,67,70,72,62,62,62,68,87,88,87,87,87,78,74,75,70,70,75,68,78,76,72,73,72,68,65,64,60,71,70,72
328  ,378201-พิษณุโลก จ.พิษณุโลก,Apr-01,64,67,68,63,66,64,62,63,60,63,61,57,64,63,63,63,60,57,60,58,56,57,58,58,57,62,61,60,62,73,-,62
329  ,378201-พิษณุโลก จ.พิษณุโลก,May-01,74,82,89,77,75,71,68,74,71,67,73,86,77,81,77,79,83,80,79,79,82,77,74,74,72,78,77,80,79,76,83,77
330  ,378201-พิษณุโลก จ.พิษณุโลก,Jun-01,79,76,80,78,76,73,74,80,77,80,87,81,77,76,74,75,75,69,66,66,71,72,74,85,83,82,83,81,80,79,-,77
331  ,378201-พิษณุโลก จ.พิษณุโลก,Jul-01,75,68,76,77,82,79,81,81,86,80,79,79,73,75,76,74,83,80,81,80,88,93,79,75,72,70,71,76,79,77,79,78
332  ,378201-พิษณุโลก จ.พิษณุโลก,Aug-01,83,85,83,81,86,87,84,83,85,82,92,85,77,79,75,74,79,79,80,74,73,74,72,67,69,69,77,80,79,84,80,79
333  ,378201-พิษณุโลก จ.พิษณุโลก,Sep-01,81,72,73,82,78,79,77,73,84,86,79,82,87,86,78,74,74,73,79,79,85,88,84,86,87,83,80,80,78,82,-,80
334  ,378201-พิษณุโลก จ.พิษณุโลก,Oct-01,77,81,80,80,84,81,78,82,83,84,79,81,79,77,77,80,72,71,71,78,74,77,81,83,83,87,82,83,84,78,77,79
335  ,378201-พิษณุโลก จ.พิษณุโลก,Nov-01,79,76,77,78,75,69,69,71,70,70,75,72,73,83,72,69,69,65,60,60,66,67,67,69,69,58,63,71,71,72,-,70
336  ,378201-พิษณุโลก จ.พิษณุโลก,Dec-01,72,73,77,74,75,72,74,76,70,64,68,69,72,70,65,65,68,69,71,70,66,60,60,63,58,61,65,64,68,67,73,68
337  ,378201-พิษณุโลก จ.พิษณุโลก,Jan-02,70,67,61,66,67,68,66,62,63,68,67,67,71,78,76,72,70,68,68,68,71,71,71,70,68,68,72,76,66,63,67,69
338  ,378201-พิษณุโลก จ.พิษณุโลก,Feb-02,69,68,67,71,74,72,76,75,71,75,75,71,67,71,66,59,65,65,67,63,60,63,66,68,69,70,65,67,-,-,-,68
339  ,378201-พิษณุโลก จ.พิษณุโลก,Mar-02,65,74,71,68,68,69,64,63,65,64,64,70,66,63,64,67,69,63,70,67,68,63,75,66,60,64,66,65,63,59,67,66
340  ,378201-พิษณุโลก จ.พิษณุโลก,Apr-02,67,60,55,53,53,56,60,62,56,54,53,62,58,57,54,54,55,55,57,56,58,55,60,59,69,67,70,66,63,64,-,59
341  ,378201-พิษณุโลก จ.พิษณุโลก,May-02,63,60,62,64,61,68,59,63,70,61,85,73,72,73,77,75,72,77,79,74,69,62,61,60,76,76,75,78,74,74,71,70
342  ,378201-พิษณุโลก จ.พิษณุโลก,Jun-02,71,71,67,67,68,71,73,67,76,81,78,76,75,82,71,76,72,70,72,79,79,79,78,82,77,81,83,80,78,77,-,75
343  ,378201-พิษณุโลก จ.พิษณุโลก,Jul-02,76,81,83,81,69,69,81,75,77,75,77,78,77,76,73,78,79,83,79,82,85,82,80,68,74,78,82,81,85,81,75,78
344  ,378201-พิษณุโลก จ.พิษณุโลก,Aug-02,74,74,82,78,84,84,83,74,69,74,77,79,82,82,80,76,73,76,89,85,83,86,85,83,83,78,76,79,84,81,83,80
345  ,378201-พิษณุโลก จ.พิษณุโลก,Sep-02,87,93,88,92,86,84,86,82,81,84,79,77,81,79,79,75,83,79,86,86,90,80,73,71,79,79,78,80,85,79,-,82
346  ,378201-พิษณุโลก จ.พิษณุโลก,Oct-02,78,81,82,81,80,83,75,64,63,65,69,71,72,70,73,78,77,83,79,79,81,83,82,80,76,77,88,81,85,81,81,77
347  ,378201-พิษณุโลก จ.พิษณุโลก,Nov-02,83,81,80,65,73,71,71,73,64,68,72,76,76,77,78,76,87,78,75,73,75,75,75,79,73,82,78,77,78,76,-,76
348  ,378201-พิษณุโลก จ.พิษณุโลก,Dec-02,75,76,84,83,77,78,79,77,89,79,77,74,72,77,77,74,74,73,72,73,71,71,71,71,73,75,82,74,77,76,75,76
349  ,378201-พิษณุโลก จ.พิษณุโลก,Jan-03,79,77,76,80,76,74,76,74,74,78,73,75,74,76,75,71,69,73,71,74,74,71,69,70,73,74,71,69,67,70,69,73
350  ,378201-พิษณุโลก จ.พิษณุโลก,Feb-03,67,68,69,67,64,57,62,65,64,67,67,71,73,81,72,64,68,69,73,74,72,70,63,67,66,74,71,71,-,-,-,68
351  ,378201-พิษณุโลก จ.พิษณุโลก,Mar-03,72,64,64,62,62,58,63,66,80,72,69,65,74,76,71,69,67,66,62,65,72,70,69,70,65,69,71,76,77,84,78,69
352  ,378201-พิษณุโลก จ.พิษณุโลก,Apr-03,70,69,66,65,65,59,61,63,69,64,62,61,60,62,65,62,65,61,64,62,58,56,60,62,62,61,55,63,64,65,-,63
353  ,378201-พิษณุโลก จ.พิษณุโลก,May-03,72,66,62,60,57,56,55,56,79,72,68,76,80,77,72,73,78,70,69,70,70,68,68,68,71,62,60,58,60,77,81,68
354  ,378201-พิษณุโลก จ.พิษณุโลก,Jun-03,84,87,85,82,80,79,74,78,79,79,73,72,71,74,71,76,85,80,74,73,77,74,80,76,78,75,74,82,87,90,-,78
355  ,378201-พิษณุโลก จ.พิษณุโลก,Jul-03,81,76,81,75,82,78,78,79,80,75,72,77,82,78,73,75,73,71,65,69,67,73,85,81,82,80,81,77,80,83,81,77
356  ,378201-พิษณุโลก จ.พิษณุโลก,Aug-03,71,66,71,79,79,75,76,78,84,80,73,79,78,75,71,73,90,83,82,81,79,84,84,87,80,80,80,81,74,72,80,78
357  ,378201-พิษณุโลก จ.พิษณุโลก,Sep-03,77,79,82,80,81,83,79,78,83,83,87,85,89,88,82,82,79,75,79,81,82,82,81,83,79,81,83,71,83,86,-,81
358  ,378201-พิษณุโลก จ.พิษณุโลก,Oct-03,81,81,72,68,72,72,72,75,80,79,79,79,80,79,75,73,77,75,70,71,72,69,70,68,72,75,72,68,68,71,69,74
359  ,378201-พิษณุโลก จ.พิษณุโลก,Nov-03,71,73,72,72,74,75,74,74,70,70,64,59,65,65,67,70,72,73,72,70,69,68,68,67,66,69,67,64,61,63,-,69
360  ,378201-พิษณุโลก จ.พิษณุโลก,Dec-03,68,62,64,62,63,60,64,63,63,63,65,65,59,62,56,57,61,67,58,57,56,60,65,68,70,65,57,57,61,65,63,62
361  ,379201-เพชรบูรณ์ จ.เพชรบูรณ์,Jan-98,70,71,71,71,67,65,68,69,68,70,67,71,72,63,58,61,61,61,62,68,73,72,72,66,59,64,65,57,48,57,63,65
362  ,379201-เพชรบูรณ์ จ.เพชรบูรณ์,Feb-98,64,64,70,71,76,77,74,70,74,69,64,68,63,62,62,59,54,57,54,51,52,58,63,59,56,53,52,57,-,-,-,63
363  ,379201-เพชรบูรณ์ จ.เพชรบูรณ์,Mar-98,62,66,65,62,57,61,58,50,48,49,53,59,60,58,60,55,52,52,54,56,52,52,54,60,63,61,64,65,68,60,62,58
364  ,379201-เพชรบูรณ์ จ.เพชรบูรณ์,Apr-98,63,68,71,74,70,74,70,62,59,58,53,54,55,52,52,53,66,71,72,79,70,67,64,61,63,65,61,57,57,54,-,63
365  ,379201-เพชรบูรณ์ จ.เพชรบูรณ์,May-98,58,57,59,63,77,67,78,73,66,66,60,76,89,80,75,69,78,90,90,88,79,81,74,75,86,85,90,84,78,82,84,76
366  ,379201-เพชรบูรณ์ จ.เพชรบูรณ์,Jun-98,87,82,82,78,76,82,83,78,78,76,74,71,70,70,72,66,67,66,68,75,71,65,67,73,70,77,79,86,91,85,-,76
367  ,379201-เพชรบูรณ์ จ.เพชรบูรณ์,Jul-98,88,91,93,87,90,88,82,80,86,87,81,81,88,86,85,84,83,81,78,74,75,74,74,75,74,76,75,76,75,82,90,82
368  ,379201-เพชรบูรณ์ จ.เพชรบูรณ์,Aug-98,87,82,83,78,81,78,87,86,86,84,88,83,83,85,83,83,81,89,87,88,82,84,89,87,81,75,74,74,75,82,82,83
369  ,379201-เพชรบูรณ์ จ.เพชรบูรณ์,Sep-98,85,87,82,80,81,85,83,86,78,87,82,81,78,82,78,80,86,85,84,83,81,87,84,89,77,79,73,75,70,75,-,81
370  ,379201-เพชรบูรณ์ จ.เพชรบูรณ์,Oct-98,80,70,69,71,74,71,81,77,88,86,88,86,84,81,78,81,87,85,76,71,66,71,63,72,75,75,78,75,77,74,78,77
371  ,379201-เพชรบูรณ์ จ.เพชรบูรณ์,Nov-98,75,74,70,72,70,64,63,66,69,65,63,63,67,66,63,65,70,69,68,65,83,79,71,70,72,76,79,83,78,77,-,71
372  ,379201-เพชรบูรณ์ จ.เพชรบูรณ์,Dec-98,76,75,74,69,68,66,66,65,59,60,59,45,56,58,55,58,65,70,71,71,68,66,63,57,57,62,62,60,61,62,61,63
373  ,379201-เพชรบูรณ์ จ.เพชรบูรณ์,Jan-99,61,61,59,63,66,65,61,61,61,60,61,60,66,61,65,57,55,61,63,61,57,58,58,54,58,65,67,66,80,75,69,62
374  ,379201-เพชรบูรณ์ จ.เพชรบูรณ์,Feb-99,65,65,55,51,53,54,57,55,57,57,55,51,48,56,58,58,58,61,55,53,53,55,57,58,60,61,60,51,-,-,-,56
375  ,379201-เพชรบูรณ์ จ.เพชรบูรณ์,Mar-99,54,58,61,66,66,60,55,48,48,49,49,50,51,54,51,53,47,43,47,48,54,56,65,76,81,69,62,59,65,61,57,57
376  ,379201-เพชรบูรณ์ จ.เพชรบูรณ์,Apr-99,56,61,61,60,75,79,72,76,86,80,88,83,80,90,85,84,85,76,84,90,84,77,76,80,71,77,79,77,71,73,-,77
377  ,379201-เพชรบูรณ์ จ.เพชรบูรณ์,May-99,75,73,76,79,90,81,82,80,79,89,81,87,85,79,82,82,85,85,81,87,90,80,79,82,84,86,80,79,84,83,89,82
378  ,379201-เพชรบูรณ์ จ.เพชรบูรณ์,Jun-99,79,78,84,83,80,77,78,76,81,90,89,86,82,82,79,84,82,77,79,90,83,77,75,90,83,79,79,79,75,76,-,81
379  ,379201-เพชรบูรณ์ จ.เพชรบูรณ์,Jul-99,72,73,78,81,87,89,79,74,72,76,83,83,84,76,76,74,73,83,81,86,79,75,76,83,91,92,89,86,83,84,90,81
380  ,379201-เพชรบูรณ์ จ.เพชรบูรณ์,Aug-99,90,89,84,84,89,85,85,80,81,84,94,92,87,88,84,81,85,84,80,84,80,80,85,85,86,84,86,85,92,87,85,85
381  ,379201-เพชรบูรณ์ จ.เพชรบูรณ์,Sep-99,83,83,81,81,84,87,86,91,89,87,91,87,80,81,84,86,90,88,82,87,85,84,80,88,84,83,82,85,76,74,-,84
382  ,379201-เพชรบูรณ์ จ.เพชรบูรณ์,Oct-99,79,82,80,88,86,81,85,81,80,83,88,86,79,78,80,80,75,64,76,84,84,77,75,71,74,84,83,89,85,81,84,81
383  ,379201-เพชรบูรณ์ จ.เพชรบูรณ์,Nov-99,85,80,78,68,72,80,80,81,82,77,83,79,82,80,73,71,68,68,70,72,71,71,72,73,71,73,70,68,63,66,-,74
384  ,379201-เพชรบูรณ์ จ.เพชรบูรณ์,Dec-99,67,62,70,70,65,61,63,63,60,65,65,57,62,67,65,69,64,61,58,53,58,45,49,46,51,50,53,57,61,69,67,60
385  ,379201-เพชรบูรณ์ จ.เพชรบูรณ์,Jan-00,65,63,65,69,69,69,70,72,73,73,72,70,65,63,55,54,57,65,69,62,59,63,63,62,60,57,55,57,58,53,52,63
386  ,379201-เพชรบูรณ์ จ.เพชรบูรณ์,Feb-00,54,52,56,60,59,60,63,62,63,61,59,60,60,65,62,66,66,69,81,80,74,72,70,66,73,77,63,66,76,-,-,65
387  ,379201-เพชรบูรณ์ จ.เพชรบูรณ์,Mar-00,85,76,72,70,61,60,58,60,60,64,62,58,56,54,53,52,53,58,60,63,61,64,67,71,63,58,55,59,59,60,68,62
388  ,379201-เพชรบูรณ์ จ.เพชรบูรณ์,Apr-00,69,56,57,53,58,61,73,67,61,77,78,76,91,83,83,83,79,78,77,83,80,80,77,77,74,73,75,82,83,83,-,74
389  ,379201-เพชรบูรณ์ จ.เพชรบูรณ์,May-00,81,78,77,77,78,77,80,87,76,75,82,89,85,86,87,87,83,81,80,94,93,86,81,77,78,78,75,76,77,77,77,81
390  ,379201-เพชรบูรณ์ จ.เพชรบูรณ์,Jun-00,85,87,89,86,85,80,79,78,80,76,83,83,82,82,87,87,84,83,90,87,84,88,92,89,82,88,86,85,84,83,-,84
391  ,379201-เพชรบูรณ์ จ.เพชรบูรณ์,Jul-00,81,90,80,82,87,85,83,82,88,87,95,96,86,82,81,83,88,88,90,84,82,84,78,77,79,78,74,78,84,81,83,84
392  ,379201-เพชรบูรณ์ จ.เพชรบูรณ์,Aug-00,76,78,77,77,81,85,84,86,87,85,81,82,79,77,79,80,82,83,88,88,84,88,91,94,91,87,87,83,86,88,84,84
393  ,379201-เพชรบูรณ์ จ.เพชรบูรณ์,Sep-00,86,87,89,93,96,91,81,85,86,86,96,89,85,85,83,75,75,79,76,80,83,79,90,85,84,86,89,89,87,85,-,85
394  ,379201-เพชรบูรณ์ จ.เพชรบูรณ์,Oct-00,87,82,82,86,85,89,86,82,86,84,82,87,83,83,83,77,81,77,78,80,85,87,88,86,84,79,77,80,78,80,88,83
395  ,379201-เพชรบูรณ์ จ.เพชรบูรณ์,Nov-00,61,67,73,76,77,79,78,78,76,73,76,73,70,71,71,65,63,68,78,74,64,70,74,72,71,72,74,72,70,73,-,72
396  ,379201-เพชรบูรณ์ จ.เพชรบูรณ์,Dec-00,74,74,72,72,73,71,67,68,67,71,67,72,72,70,70,68,68,72,71,70,70,69,73,65,63,63,63,64,67,67,63,69
397  ,379201-เพชรบูรณ์ จ.เพชรบูรณ์,Jan-01,68,70,68,68,66,67,68,73,73,71,68,71,72,78,72,62,62,64,64,65,71,74,77,73,68,68,73,69,66,68,65,69
398  ,379201-เพชรบูรณ์ จ.เพชรบูรณ์,Feb-01,65,62,62,68,71,70,65,62,66,68,68,64,61,54,53,55,57,62,66,68,67,66,67,61,61,60,65,68,-,-,-,64
399  ,379201-เพชรบูรณ์ จ.เพชรบูรณ์,Mar-01,66,65,67,62,59,68,67,76,86,85,85,80,81,78,76,76,78,86,86,76,83,83,84,79,75,75,74,69,70,72,71,75
400  ,379201-เพชรบูรณ์ จ.เพชรบูรณ์,Apr-01,72,77,73,73,71,68,68,65,62,67,65,63,67,67,75,69,65,63,56,54,52,53,53,62,79,77,77,70,67,78,-,67
401  ,379201-เพชรบูรณ์ จ.เพชรบูรณ์,May-01,82,89,90,87,79,71,73,80,78,78,85,88,80,81,82,88,87,86,85,83,81,79,80,85,80,79,80,87,88,84,85,83
402  ,379201-เพชรบูรณ์ จ.เพชรบูรณ์,Jun-01,83,85,86,88,85,87,90,86,83,88,91,86,85,84,84,86,83,78,75,76,79,84,85,91,89,89,89,88,87,84,-,85
403  ,379201-เพชรบูรณ์ จ.เพชรบูรณ์,Jul-01,81,80,85,84,83,79,91,90,89,85,82,84,80,82,81,82,83,83,84,84,93,95,86,85,84,87,83,85,86,83,79,84
404  ,379201-เพชรบูรณ์ จ.เพชรบูรณ์,Aug-01,85,86,87,87,92,90,89,90,89,89,97,88,87,88,86,85,85,83,83,82,86,85,88,82,80,82,93,84,85,86,83,87
405  ,379201-เพชรบูรณ์ จ.เพชรบูรณ์,Sep-01,81,76,83,93,83,89,82,82,89,90,90,89,89,84,81,80,80,86,85,83,84,89,83,88,89,86,82,82,83,81,-,85
406  ,379201-เพชรบูรณ์ จ.เพชรบูรณ์,Oct-01,81,85,83,84,81,84,83,85,89,83,85,78,79,80,80,77,75,75,73,75,74,69,86,89,88,85,89,88,79,76,82,81
407  ,379201-เพชรบูรณ์ จ.เพชรบูรณ์,Nov-01,88,82,79,81,75,70,67,76,78,73,78,77,76,73,70,66,65,66,65,53,65,71,71,72,73,66,69,75,75,78,-,72
408  ,379201-เพชรบูรณ์ จ.เพชรบูรณ์,Dec-01,76,77,77,77,75,73,75,75,75,71,71,73,75,68,68,72,74,74,73,73,70,64,69,67,69,69,73,73,73,74,76,73
409  ,379201-เพชรบูรณ์ จ.เพชรบูรณ์,Jan-02,73,75,69,73,72,70,63,57,58,62,62,66,65,73,69,68,66,63,59,57,65,65,66,69,67,68,69,69,63,61,64,66
410  ,379201-เพชรบูรณ์ จ.เพชรบูรณ์,Feb-02,66,67,75,77,73,71,71,70,66,68,64,65,66,66,61,58,61,61,63,54,62,62,66,67,70,73,72,67,-,-,-,67
411  ,379201-เพชรบูรณ์ จ.เพชรบูรณ์,Mar-02,68,68,68,73,70,74,68,63,64,65,66,68,67,63,65,61,58,57,54,56,62,74,81,67,66,60,64,62,69,75,72,66
412  ,379201-เพชรบูรณ์ จ.เพชรบูรณ์,Apr-02,71,68,66,65,60,59,56,62,64,61,64,73,66,76,73,65,62,77,80,72,68,67,72,73,85,79,75,78,82,89,-,70
413  ,379201-เพชรบูรณ์ จ.เพชรบูรณ์,May-02,83,76,79,78,82,73,74,81,87,80,94,89,88,84,80,88,86,81,86,81,77,72,80,80,82,85,80,73,77,80,76,81
414  ,379201-เพชรบูรณ์ จ.เพชรบูรณ์,Jun-02,79,76,70,80,75,78,77,83,82,88,81,88,85,85,81,80,78,80,80,82,79,85,81,87,86,82,86,83,83,83,-,81
415  ,379201-เพชรบูรณ์ จ.เพชรบูรณ์,Jul-02,82,84,88,85,80,87,92,86,84,86,87,82,82,83,81,86,83,88,85,82,81,89,84,86,77,79,83,86,90,89,86,85
416  ,379201-เพชรบูรณ์ จ.เพชรบูรณ์,Aug-02,81,86,86,86,86,90,87,81,79,78,79,85,87,84,82,85,87,84,94,92,89,92,91,89,91,83,85,89,89,92,88,86
417  ,379201-เพชรบูรณ์ จ.เพชรบูรณ์,Sep-02,93,96,98,95,95,90,90,88,88,89,80,84,88,84,80,80,89,84,85,90,93,80,75,72,83,85,84,85,87,83,-,86
418  ,379201-เพชรบูรณ์ จ.เพชรบูรณ์,Oct-02,82,88,83,82,80,83,69,63,63,70,73,74,74,75,77,80,86,81,80,81,84,82,83,80,78,78,91,86,85,83,83,79
419  ,379201-เพชรบูรณ์ จ.เพชรบูรณ์,Nov-02,83,77,69,61,65,71,73,71,64,72,76,80,79,80,82,84,81,76,74,77,74,72,76,78,72,70,70,75,78,76,-,75
420  ,379201-เพชรบูรณ์ จ.เพชรบูรณ์,Dec-02,75,79,80,82,77,73,78,83,75,66,69,72,69,70,71,71,71,73,75,74,66,68,68,67,70,74,76,74,74,75,75,73
421  ,379201-เพชรบูรณ์ จ.เพชรบูรณ์,Jan-03,71,75,71,69,75,73,72,76,74,70,68,71,70,72,69,64,66,65,65,69,68,67,67,64,68,70,66,63,61,68,66,69
422  ,379201-เพชรบูรณ์ จ.เพชรบูรณ์,Feb-03,64,65,64,61,62,60,62,66,64,65,67,69,80,81,77,70,69,72,72,70,72,72,64,62,64,71,68,68,-,-,-,68
423  ,379201-เพชรบูรณ์ จ.เพชรบูรณ์,Mar-03,69,62,59,56,58,59,60,65,67,64,63,69,75,79,71,70,68,69,66,64,81,79,80,76,75,76,82,86,82,84,82,71
424  ,379201-เพชรบูรณ์ จ.เพชรบูรณ์,Apr-03,81,76,76,74,74,70,71,74,76,72,70,67,67,69,69,66,68,66,67,68,70,69,74,77,74,73,80,76,86,80,-,73
425  ,379201-เพชรบูรณ์ จ.เพชรบูรณ์,May-03,73,77,81,76,73,70,72,80,79,79,78,83,91,88,81,76,75,80,79,75,76,74,79,78,82,69,59,56,59,78,87,76
426  ,379201-เพชรบูรณ์ จ.เพชรบูรณ์,Jun-03,87,89,87,79,79,79,73,71,80,77,73,71,75,72,78,87,94,85,79,75,79,80,80,77,79,77,75,79,90,93,-,80
427  ,379201-เพชรบูรณ์ จ.เพชรบูรณ์,Jul-03,82,80,81,76,82,83,88,86,82,79,76,78,85,80,76,79,76,79,75,74,76,77,90,87,84,84,84,85,87,86,85,81
428  ,379201-เพชรบูรณ์ จ.เพชรบูรณ์,Aug-03,80,73,85,86,88,79,77,85,88,88,84,83,86,82,80,84,80,84,83,91,90,89,93,96,86,85,83,82,80,86,85,85
429  ,379201-เพชรบูรณ์ จ.เพชรบูรณ์,Sep-03,88,85,82,83,85,86,89,84,90,88,94,90,94,94,89,85,84,83,85,85,87,86,86,85,82,81,85,86,87,88,-,87
430  ,379201-เพชรบูรณ์ จ.เพชรบูรณ์,Oct-03,81,79,69,70,74,72,75,81,85,80,80,81,84,79,72,75,77,75,71,72,72,75,71,70,76,72,72,70,70,73,70,75
431  ,379201-เพชรบูรณ์ จ.เพชรบูรณ์,Nov-03,75,73,75,73,73,75,76,73,71,69,69,59,62,65,69,71,75,74,74,76,71,67,66,68,70,69,67,66,64,70,-,70
432  ,379201-เพชรบูรณ์ จ.เพชรบูรณ์,Dec-03,70,69,70,70,68,69,67,64,66,62,67,61,59,62,66,62,66,68,61,55,55,64,65,65,64,62,56,56,62,65,64,64
433  ,379401-หล่มสัก จ.เพชรบูรณ์,Jan-98,70,72,75,73,70,70,69,72,73,73,71,76,77,72,56,59,61,59,61,70,70,74,70,65,62,62,62,59,52,55,63,67
434  ,379401-หล่มสัก จ.เพชรบูรณ์,Feb-98,62,64,73,73,83,79,75,72,80,75,68,68,64,64,63,61,58,56,57,58,59,61,65,65,60,61,57,58,-,-,-,66
435  ,379401-หล่มสัก จ.เพชรบูรณ์,Mar-98,68,72,74,72,68,66,63,54,49,44,48,55,59,58,62,58,61,54,58,56,50,50,51,52,67,67,65,64,66,59,65,60
436  ,379401-หล่มสัก จ.เพชรบูรณ์,Apr-98,73,71,69,74,74,77,74,68,66,66,62,60,59,59,58,59,75,77,76,81,76,72,70,70,71,74,71,66,65,62,-,69
437  ,379401-หล่มสัก จ.เพชรบูรณ์,May-98,63,70,72,76,76,75,75,74,70,72,68,80,93,84,81,78,85,89,87,88,83,85,82,83,85,90,91,88,83,85,86,81
438  ,379401-หล่มสัก จ.เพชรบูรณ์,Jun-98,88,86,85,82,87,86,85,82,81,79,83,78,78,78,79,74,75,74,85,86,85,78,84,81,78,83,85,86,92,91,-,82
439  ,379401-หล่มสัก จ.เพชรบูรณ์,Jul-98,91,89,95,90,92,89,88,81,84,86,79,78,78,83,83,83,84,81,79,72,72,73,76,74,76,80,74,76,74,78,88,81
440  ,379401-หล่มสัก จ.เพชรบูรณ์,Aug-98,83,87,77,74,79,79,85,83,83,83,87,79,81,81,82,81,81,87,86,91,85,87,88,87,81,73,75,74,75,81,80,82
441  ,379401-หล่มสัก จ.เพชรบูรณ์,Sep-98,84,83,80,81,83,85,83,88,82,91,79,80,79,83,82,81,81,84,83,83,79,83,78,84,75,78,72,73,69,73,-,81
442  ,379401-หล่มสัก จ.เพชรบูรณ์,Oct-98,77,71,69,68,73,70,80,78,89,88,87,86,87,82,78,71,81,79,75,71,67,72,68,71,71,74,74,71,73,70,70,76
443  ,379401-หล่มสัก จ.เพชรบูรณ์,Nov-98,73,69,72,70,67,64,63,62,66,65,60,59,66,67,63,68,71,67,68,63,83,76,67,66,70,71,80,78,76,77,-,69
444  ,379401-หล่มสัก จ.เพชรบูรณ์,Dec-98,77,74,73,70,69,68,75,72,63,68,68,47,55,59,60,66,68,67,76,74,64,64,72,57,61,56,61,62,62,59,61,65
445  ,379401-หล่มสัก จ.เพชรบูรณ์,Jan-99,58,61,59,63,65,67,62,61,62,59,59,73,76,64,63,52,53,56,62,65,61,64,62,60,64,73,70,66,72,67,67,63
446  ,379401-หล่มสัก จ.เพชรบูรณ์,Feb-99,64,63,52,41,49,52,54,58,56,54,53,49,46,56,55,55,59,61,56,52,50,51,56,57,58,58,60,49,-,-,-,54
447  ,379401-หล่มสัก จ.เพชรบูรณ์,Mar-99,51,56,61,66,62,57,58,57,53,50,49,48,62,60,58,57,52,43,46,50,55,58,65,73,77,64,58,63,61,60,55,58
448  ,379401-หล่มสัก จ.เพชรบูรณ์,Apr-99,58,59,64,60,75,74,73,77,79,83,83,82,83,84,82,81,79,75,76,83,77,73,73,73,69,68,66,68,67,66,-,74
449  ,379401-หล่มสัก จ.เพชรบูรณ์,May-99,68,65,79,81,83,79,89,83,82,88,75,83,86,82,79,81,82,77,80,88,84,78,79,80,83,86,82,82,86,85,91,81
450  ,379401-หล่มสัก จ.เพชรบูรณ์,Jun-99,82,81,78,81,81,77,77,81,81,87,89,80,82,82,79,82,83,77,80,85,82,76,78,83,83,79,77,81,75,73,-,80
451  ,379401-หล่มสัก จ.เพชรบูรณ์,Jul-99,72,77,77,81,88,87,77,73,70,76,76,77,79,75,73,74,74,80,83,79,80,77,77,82,86,85,88,83,82,83,92,79
452  ,379401-หล่มสัก จ.เพชรบูรณ์,Aug-99,86,88,80,85,86,84,85,80,79,82,90,87,84,87,86,82,83,82,79,83,79,80,81,82,86,77,85,85,86,81,83,83
453  ,379401-หล่มสัก จ.เพชรบูรณ์,Sep-99,80,82,80,78,81,84,82,85,85,83,92,84,79,80,83,82,84,89,82,88,84,83,83,86,80,83,82,82,76,74,-,83
454  ,379401-หล่มสัก จ.เพชรบูรณ์,Oct-99,81,81,81,78,83,78,80,80,82,78,84,85,78,76,80,81,77,66,74,82,78,71,75,70,76,83,83,84,80,82,88,79
455  ,379401-หล่มสัก จ.เพชรบูรณ์,Nov-99,84,85,83,69,75,75,76,77,80,75,80,75,83,80,76,71,69,66,73,71,72,69,69,69,66,71,67,69,66,66,-,74
456  ,379401-หล่มสัก จ.เพชรบูรณ์,Dec-99,72,65,75,78,75,70,70,67,64,70,79,65,62,74,70,72,69,61,64,56,58,55,54,50,59,48,50,53,57,66,65,64
457  ,379401-หล่มสัก จ.เพชรบูรณ์,Jan-00,64,67,64,67,71,69,70,66,73,72,68,67,62,59,54,51,55,64,67,58,58,60,58,55,57,54,51,51,51,50,52,61
458  ,379401-หล่มสัก จ.เพชรบูรณ์,Feb-00,48,50,53,54,51,53,58,55,58,60,57,56,59,60,59,62,62,72,81,83,75,75,73,74,74,75,63,62,67,-,-,63
459  ,379401-หล่มสัก จ.เพชรบูรณ์,Mar-00,81,73,69,69,61,58,57,59,57,59,58,56,55,52,48,49,50,50,56,56,58,64,67,66,60,56,53,51,49,57,67,59
460  ,379401-หล่มสัก จ.เพชรบูรณ์,Apr-00,68,57,57,55,54,57,63,62,60,72,75,76,92,86,88,85,80,75,78,82,81,86,82,82,82,81,84,84,82,81,-,75
461  ,379401-หล่มสัก จ.เพชรบูรณ์,May-00,87,78,79,78,79,77,80,83,75,77,79,84,84,86,88,83,83,80,82,93,94,84,80,82,83,78,75,77,80,83,80,82
462  ,379401-หล่มสัก จ.เพชรบูรณ์,Jun-00,83,89,88,86,85,86,83,84,87,77,81,83,81,83,88,90,86,84,87,85,84,88,92,94,83,86,84,84,87,80,-,85
463  ,379401-หล่มสัก จ.เพชรบูรณ์,Jul-00,79,88,82,80,84,86,84,90,88,85,94,96,81,82,80,84,84,87,88,88,84,82,78,78,78,79,74,83,85,82,77,84
464  ,379401-หล่มสัก จ.เพชรบูรณ์,Aug-00,76,78,78,79,81,81,87,88,88,87,81,82,77,77,78,82,82,86,87,82,87,90,92,92,89,85,84,84,84,87,86,84
465  ,379401-หล่มสัก จ.เพชรบูรณ์,Sep-00,87,87,88,91,94,88,84,86,88,86,95,89,85,84,80,74,74,73,74,75,78,75,87,87,83,83,88,87,83,83,-,84
466  ,379401-หล่มสัก จ.เพชรบูรณ์,Oct-00,81,81,79,86,82,86,86,80,81,80,78,87,82,82,79,76,82,73,74,76,86,88,85,85,83,76,76,79,73,74,83,81
467  ,379401-หล่มสัก จ.เพชรบูรณ์,Nov-00,58,66,72,66,67,72,71,72,71,70,69,71,67,71,72,64,62,68,73,72,63,65,72,72,69,74,75,71,71,70,-,69
468  ,379401-หล่มสัก จ.เพชรบูรณ์,Dec-00,71,73,74,69,70,72,69,72,67,68,66,68,69,68,68,66,71,71,67,70,69,68,70,65,63,63,64,65,69,68,66,68
469  ,379401-หล่มสัก จ.เพชรบูรณ์,Jan-01,67,69,67,69,65,69,71,76,74,76,73,68,73,76,72,68,65,68,67,70,71,76,78,75,72,71,73,73,71,75,73,71
470  ,379401-หล่มสัก จ.เพชรบูรณ์,Feb-01,71,65,67,71,76,76,67,66,66,68,70,67,65,59,58,58,61,65,70,71,71,68,71,67,64,63,65,67,-,-,-,67
471  ,379401-หล่มสัก จ.เพชรบูรณ์,Mar-01,69,65,69,65,68,71,74,85,92,90,87,87,87,81,78,86,82,86,89,75,86,80,76,71,68,71,68,65,65,68,65,76
472  ,379401-หล่มสัก จ.เพชรบูรณ์,Apr-01,69,70,69,66,69,69,66,59,59,61,57,59,58,62,65,69,67,63,66,59,58,57,53,59,70,73,73,68,64,76,-,64
473  ,379401-หล่มสัก จ.เพชรบูรณ์,May-01,79,87,88,81,78,69,72,76,75,73,80,81,84,83,82,82,87,80,85,78,83,79,78,81,80,78,76,83,82,80,84,80
474  ,379401-หล่มสัก จ.เพชรบูรณ์,Jun-01,81,78,80,82,78,81,87,89,81,84,92,85,83,75,79,83,82,75,69,69,70,79,82,88,84,86,85,84,89,84,-,81
475  ,379401-หล่มสัก จ.เพชรบูรณ์,Jul-01,80,77,86,81,79,79,84,91,90,84,76,79,78,83,88,84,81,82,83,85,90,94,86,84,80,82,83,80,82,78,75,83
476  ,379401-หล่มสัก จ.เพชรบูรณ์,Aug-01,82,87,86,80,88,87,88,87,86,86,95,82,87,84,84,83,78,82,81,80,85,83,84,80,76,81,91,86,85,87,86,84
477  ,379401-หล่มสัก จ.เพชรบูรณ์,Sep-01,80,77,86,91,81,86,81,82,86,85,86,90,90,85,83,79,83,86,85,82,86,84,81,87,88,86,81,81,80,80,-,84
478  ,379401-หล่มสัก จ.เพชรบูรณ์,Oct-01,79,78,82,80,79,84,82,83,87,83,83,78,75,78,77,78,74,74,73,74,73,72,83,92,89,86,87,85,73,73,79,80
479  ,379401-หล่มสัก จ.เพชรบูรณ์,Nov-01,85,82,79,76,75,73,68,73,76,69,77,72,74,73,70,63,62,62,62,59,59,63,67,69,68,63,64,68,69,71,-,70
480  ,379401-หล่มสัก จ.เพชรบูรณ์,Dec-01,73,72,74,72,71,70,71,72,70,67,65,70,71,65,65,68,68,69,68,70,66,61,63,61,64,63,68,68,68,69,71,68
481  ,379401-หล่มสัก จ.เพชรบูรณ์,Jan-02,69,65,61,66,67,66,65,64,62,66,67,69,73,75,71,67,67,64,59,55,61,59,59,66,65,65,66,64,59,56,56,64
482  ,379401-หล่มสัก จ.เพชรบูรณ์,Feb-02,62,59,67,76,73,70,69,67,62,62,56,58,61,61,54,55,60,59,60,58,58,63,69,66,68,71,69,58,-,-,-,63
483  ,379401-หล่มสัก จ.เพชรบูรณ์,Mar-02,65,70,68,73,72,76,70,64,66,67,68,71,69,67,64,65,65,68,64,65,75,77,77,72,70,70,66,67,69,76,80,70
484  ,379401-หล่มสัก จ.เพชรบูรณ์,Apr-02,75,71,69,71,63,59,62,63,65,61,62,70,66,79,74,70,69,71,76,67,68,68,73,71,81,80,74,80,81,82,-,71
485  ,379401-หล่มสัก จ.เพชรบูรณ์,May-02,77,81,79,73,83,72,75,77,84,76,86,87,86,89,87,90,87,86,86,84,79,77,78,84,88,85,79,82,79,91,81,82
486  ,379401-หล่มสัก จ.เพชรบูรณ์,Jun-02,80,78,76,81,77,78,80,89,84,92,86,88,88,87,84,89,84,88,83,85,86,93,83,86,89,83,90,86,84,84,-,85
487  ,379401-หล่มสัก จ.เพชรบูรณ์,Jul-02,78,81,87,82,79,82,84,81,85,88,80,79,79,78,79,81,79,82,80,79,80,81,78,79,73,74,84,85,89,88,79,81
488  ,379401-หล่มสัก จ.เพชรบูรณ์,Aug-02,79,88,83,80,84,89,83,81,77,77,78,85,83,80,79,78,82,84,91,91,86,93,90,89,86,80,84,86,83,87,83,84
489  ,379401-หล่มสัก จ.เพชรบูรณ์,Sep-02,93,94,96,95,92,88,87,84,85,85,80,84,86,82,81,83,90,87,89,88,94,74,76,73,81,80,82,83,88,83,-,85
490  ,379401-หล่มสัก จ.เพชรบูรณ์,Oct-02,82,85,80,79,80,84,71,70,64,66,71,73,72,71,74,81,83,83,82,81,81,80,81,78,77,79,91,84,90,83,83,79
491  ,379401-หล่มสัก จ.เพชรบูรณ์,Nov-02,84,79,72,62,64,67,69,69,66,69,72,75,78,79,78,81,80,74,76,78,74,73,76,80,74,73,71,76,77,76,-,74
492  ,379401-หล่มสัก จ.เพชรบูรณ์,Dec-02,79,80,83,89,84,78,80,84,75,69,72,77,77,76,76,76,76,76,79,76,69,66,65,68,69,74,78,74,69,73,72,75
493  ,379401-หล่มสัก จ.เพชรบูรณ์,Jan-03,71,71,74,70,71,72,77,72,70,67,66,65,68,68,64,61,65,62,63,65,65,66,64,65,65,66,67,61,56,63,65,67
494  ,379401-หล่มสัก จ.เพชรบูรณ์,Feb-03,61,60,60,58,58,55,56,63,61,59,64,66,77,79,77,69,67,70,73,70,70,74,70,64,66,70,76,72,-,-,-,67
495  ,379401-หล่มสัก จ.เพชรบูรณ์,Mar-03,71,66,63,61,63,63,66,69,76,73,72,75,82,82,76,73,73,74,74,70,82,77,82,82,75,76,83,82,83,85,89,75
496  ,379401-หล่มสัก จ.เพชรบูรณ์,Apr-03,82,84,79,74,75,76,75,74,74,74,73,71,69,71,70,71,71,71,74,73,73,76,78,77,81,76,77,77,86,79,-,75
497  ,379401-หล่มสัก จ.เพชรบูรณ์,May-03,71,83,81,75,74,70,71,73,74,80,85,87,90,85,80,74,74,79,76,73,80,78,84,80,77,71,68,64,68,78,91,77
498  ,379401-หล่มสัก จ.เพชรบูรณ์,Jun-03,88,91,88,83,84,80,81,78,87,82,77,74,75,76,86,90,89,89,82,77,81,85,87,82,79,81,79,86,93,96,-,84
499  ,379401-หล่มสัก จ.เพชรบูรณ์,Jul-03,90,86,86,85,87,86,90,86,88,84,84,83,87,84,82,83,78,78,78,80,81,85,91,89,87,86,88,87,90,91,88,85
500  ,379401-หล่มสัก จ.เพชรบูรณ์,Aug-03,82,76,85,88,85,83,82,85,94,89,91,83,86,80,80,84,85,84,86,88,90,92,94,94,91,86,85,83,82,86,90,86
501  ,379401-หล่มสัก จ.เพชรบูรณ์,Sep-03,92,88,86,88,92,89,90,86,92,92,95,90,96,96,90,84,86,86,87,92,89,88,88,90,86,84,86,84,90,89,-,89
502  ,379401-หล่มสัก จ.เพชรบูรณ์,Oct-03,87,83,76,76,79,78,78,79,85,85,83,83,87,82,80,76,77,78,77,77,78,70,78,79,79,78,77,75,75,77,73,79
503  ,379401-หล่มสัก จ.เพชรบูรณ์,Nov-03,76,77,77,75,76,74,76,74,73,74,73,70,67,70,71,75,74,76,76,77,72,68,70,74,74,74,71,73,72,72,-,73
504  ,379401-หล่มสัก จ.เพชรบูรณ์,Dec-03,72,73,75,71,70,75,74,70,70,66,71,68,67,67,67,63,65,65,61,57,59,57,69,70,68,63,60,65,68,67,68,67
505  ,379402-วิเชียรบุรี จ.เพชรบูรณ์,Jan-98,63,64,64,64,57,62,62,61,63,66,68,69,67,60,56,55,57,57,56,63,67,67,67,66,57,61,62,55,55,60,59,62
506  ,379402-วิเชียรบุรี จ.เพชรบูรณ์,Feb-98,58,61,67,67,66,66,65,62,78,77,78,80,73,69,66,64,65,58,57,56,63,62,63,61,65,59,60,64,-,-,-,65
507  ,379402-วิเชียรบุรี จ.เพชรบูรณ์,Mar-98,70,67,69,67,65,62,60,54,56,55,51,60,59,62,58,53,55,56,57,55,52,54,49,58,69,63,64,66,68,60,67,60
508  ,379402-วิเชียรบุรี จ.เพชรบูรณ์,Apr-98,63,65,68,80,71,70,68,67,71,66,63,59,64,64,59,60,62,66,67,73,73,69,65,62,64,66,63,62,59,54,-,65
509  ,379402-วิเชียรบุรี จ.เพชรบูรณ์,May-98,55,58,64,66,64,60,73,69,64,60,57,69,90,80,73,67,74,84,80,75,74,74,68,68,76,82,81,78,76,75,83,72
510  ,379402-วิเชียรบุรี จ.เพชรบูรณ์,Jun-98,79,75,80,74,71,76,78,81,76,72,72,69,71,73,72,67,66,70,68,70,67,63,62,64,69,72,75,76,78,75,-,72
511  ,379402-วิเชียรบุรี จ.เพชรบูรณ์,Jul-98,79,80,83,86,84,79,85,76,76,80,79,74,76,80,77,72,71,70,71,69,67,67,69,68,71,70,71,67,79,81,85,76
512  ,379402-วิเชียรบุรี จ.เพชรบูรณ์,Aug-98,90,80,77,75,80,80,78,79,83,83,84,76,77,75,78,75,73,84,79,90,85,85,83,78,76,74,72,72,74,75,77,79
513  ,379402-วิเชียรบุรี จ.เพชรบูรณ์,Sep-98,80,80,78,78,76,83,81,78,75,83,80,79,78,79,78,80,81,84,87,84,82,81,82,88,73,78,72,75,69,73,-,79
514  ,379402-วิเชียรบุรี จ.เพชรบูรณ์,Oct-98,84,71,72,73,71,71,77,76,85,86,84,90,82,78,80,79,80,82,70,69,70,75,61,69,74,76,74,73,76,75,78,76
515  ,379402-วิเชียรบุรี จ.เพชรบูรณ์,Nov-98,73,71,71,71,71,65,67,71,69,65,63,65,71,74,72,72,71,71,72,71,91,81,74,71,74,75,88,88,82,80,-,73
516  ,379402-วิเชียรบุรี จ.เพชรบูรณ์,Dec-98,80,79,76,70,72,68,60,63,56,65,60,48,61,60,57,62,71,74,73,68,66,68,66,56,59,68,66,63,63,66,64,65
517  ,379402-วิเชียรบุรี จ.เพชรบูรณ์,Jan-99,64,62,63,65,63,66,63,62,63,62,64,70,60,67,68,57,57,65,65,61,58,63,60,57,60,66,69,67,72,79,74,64
518  ,379402-วิเชียรบุรี จ.เพชรบูรณ์,Feb-99,67,66,74,57,55,58,58,56,57,61,63,56,51,61,61,59,63,64,65,60,61,62,60,61,69,68,64,55,-,-,-,61
519  ,379402-วิเชียรบุรี จ.เพชรบูรณ์,Mar-99,62,62,63,70,66,69,61,51,50,51,56,58,59,64,69,74,69,66,56,57,58,59,68,84,85,71,68,73,77,67,62,65
520  ,379402-วิเชียรบุรี จ.เพชรบูรณ์,Apr-99,63,60,60,63,68,78,76,78,73,73,80,83,85,88,86,80,77,77,76,83,80,76,74,72,69,67,82,79,70,69,-,75
521  ,379402-วิเชียรบุรี จ.เพชรบูรณ์,May-99,77,80,78,86,88,78,77,79,82,86,82,86,85,86,83,82,82,77,79,74,84,80,78,78,77,76,76,81,80,73,75,80
522  ,379402-วิเชียรบุรี จ.เพชรบูรณ์,Jun-99,75,80,79,82,77,75,76,77,86,89,86,82,82,78,78,78,90,80,80,85,85,75,73,79,83,79,82,78,73,75,-,80
523  ,379402-วิเชียรบุรี จ.เพชรบูรณ์,Jul-99,76,79,80,80,83,86,79,80,74,79,80,80,78,76,72,75,78,80,80,79,78,79,78,82,88,88,84,84,87,86,90,81
524  ,379402-วิเชียรบุรี จ.เพชรบูรณ์,Aug-99,85,81,81,76,82,79,81,81,76,81,88,85,83,87,84,77,85,81,79,81,77,81,84,90,84,84,81,85,84,84,84,82
525  ,379402-วิเชียรบุรี จ.เพชรบูรณ์,Sep-99,82,81,81,81,85,82,87,89,83,86,83,88,83,81,83,82,82,80,80,86,84,86,84,86,85,89,81,93,82,81,-,84
526  ,379402-วิเชียรบุรี จ.เพชรบูรณ์,Oct-99,93,80,86,88,88,86,88,87,84,86,85,87,84,87,86,90,82,73,78,86,86,82,82,81,83,85,88,86,87,88,92,85
527  ,379402-วิเชียรบุรี จ.เพชรบูรณ์,Nov-99,85,92,83,82,84,85,89,86,87,83,85,84,89,89,79,75,70,74,77,77,80,76,83,80,77,79,77,72,70,68,-,81
528  ,379402-วิเชียรบุรี จ.เพชรบูรณ์,Dec-99,72,70,81,78,77,76,71,71,70,69,67,63,68,71,65,73,72,62,60,56,66,56,55,46,56,61,64,62,61,69,68,66
529  ,379402-วิเชียรบุรี จ.เพชรบูรณ์,Jan-00,71,69,70,72,71,76,75,76,73,74,73,73,72,70,64,60,64,71,70,68,67,66,68,64,64,59,61,61,63,61,56,68
530  ,379402-วิเชียรบุรี จ.เพชรบูรณ์,Feb-00,57,64,63,65,62,63,64,61,65,66,60,60,62,67,67,64,67,74,84,80,76,74,70,68,69,68,58,62,66,-,-,66
531  ,379402-วิเชียรบุรี จ.เพชรบูรณ์,Mar-00,74,74,69,61,61,57,52,52,57,60,59,57,49,50,50,48,51,52,58,58,59,63,73,67,63,55,54,56,54,64,64,59
532  ,379402-วิเชียรบุรี จ.เพชรบูรณ์,Apr-00,63,59,63,57,61,61,73,70,62,74,81,74,83,82,82,81,78,76,76,83,84,85,80,78,75,76,75,77,84,84,-,75
533  ,379402-วิเชียรบุรี จ.เพชรบูรณ์,May-00,82,78,81,83,79,78,85,81,79,67,74,84,82,87,88,84,82,76,77,83,89,87,80,78,76,79,74,83,78,81,82,81
534  ,379402-วิเชียรบุรี จ.เพชรบูรณ์,Jun-00,85,85,90,87,84,87,77,82,83,77,81,78,77,80,80,81,86,81,81,88,84,84,90,89,83,89,83,81,81,78,-,83
535  ,379402-วิเชียรบุรี จ.เพชรบูรณ์,Jul-00,80,85,83,80,85,87,81,79,79,86,93,96,85,83,79,82,79,83,88,85,84,83,79,80,86,84,80,78,81,85,80,83
536  ,379402-วิเชียรบุรี จ.เพชรบูรณ์,Aug-00,78,77,81,78,81,82,80,88,89,87,86,88,80,80,82,83,79,84,85,86,86,89,95,96,88,86,82,85,83,86,84,84
537  ,379402-วิเชียรบุรี จ.เพชรบูรณ์,Sep-00,83,85,88,91,93,88,83,82,91,86,96,86,83,88,84,76,80,80,78,81,78,77,89,84,83,88,87,89,89,86,-,85
538  ,379402-วิเชียรบุรี จ.เพชรบูรณ์,Oct-00,89,86,84,81,84,86,90,85,86,83,86,89,87,90,87,83,86,79,81,85,87,87,89,86,86,82,81,83,80,77,88,85
539  ,379402-วิเชียรบุรี จ.เพชรบูรณ์,Nov-00,65,71,76,79,79,75,79,79,72,75,76,72,68,73,74,65,69,73,79,78,66,66,73,77,76,80,77,76,76,77,-,74
540  ,379402-วิเชียรบุรี จ.เพชรบูรณ์,Dec-00,78,73,69,72,75,74,73,72,73,74,73,75,74,74,73,74,71,73,76,74,71,73,70,69,70,70,70,70,71,70,67,72
541  ,379402-วิเชียรบุรี จ.เพชรบูรณ์,Jan-01,68,74,74,71,72,74,72,72,79,76,77,73,76,74,76,68,70,66,62,63,62,69,67,67,68,67,70,67,60,62,68,70
542  ,379402-วิเชียรบุรี จ.เพชรบูรณ์,Feb-01,65,61,59,64,70,67,62,59,62,65,73,63,60,53,53,51,52,56,61,61,68,65,67,58,56,56,61,65,-,-,-,61
543  ,379402-วิเชียรบุรี จ.เพชรบูรณ์,Mar-01,59,57,65,56,61,60,61,77,84,85,86,83,75,80,78,74,74,80,88,80,90,83,82,76,80,78,74,69,66,64,69,74
544  ,379402-วิเชียรบุรี จ.เพชรบูรณ์,Apr-01,74,80,74,70,67,68,68,70,65,62,62,61,64,69,74,78,76,70,69,64,57,60,61,60,75,71,70,66,74,82,-,69
545  ,379402-วิเชียรบุรี จ.เพชรบูรณ์,May-01,87,87,88,84,83,75,75,80,79,76,88,87,85,81,84,86,87,86,84,77,79,80,81,85,80,81,86,83,87,82,84,83
546  ,379402-วิเชียรบุรี จ.เพชรบูรณ์,Jun-01,79,86,84,83,81,81,85,87,82,83,87,85,83,84,86,81,85,81,79,78,79,81,88,85,82,87,89,81,85,79,-,83
547  ,379402-วิเชียรบุรี จ.เพชรบูรณ์,Jul-01,82,75,78,76,75,73,79,86,86,88,79,75,80,76,74,70,68,70,72,77,82,84,78,72,76,70,67,76,74,73,75,76
548  ,379402-วิเชียรบุรี จ.เพชรบูรณ์,Aug-01,77,73,71,76,89,88,86,90,87,88,90,76,74,78,78,78,79,72,75,74,77,76,74,73,73,73,82,81,85,86,84,79
549  ,379402-วิเชียรบุรี จ.เพชรบูรณ์,Sep-01,75,76,76,83,84,80,75,79,86,90,85,82,81,80,78,79,78,84,81,78,82,87,88,88,88,87,80,81,77,83,-,82
550  ,379402-วิเชียรบุรี จ.เพชรบูรณ์,Oct-01,76,84,84,84,81,83,81,82,83,78,87,78,76,77,74,73,70,71,72,71,80,77,92,91,83,87,83,75,71,71,78,79
551  ,379402-วิเชียรบุรี จ.เพชรบูรณ์,Nov-01,78,81,78,78,71,70,65,67,68,67,72,75,73,71,66,64,54,60,59,55,60,65,66,71,68,55,64,74,71,70,-,68
552  ,379402-วิเชียรบุรี จ.เพชรบูรณ์,Dec-01,69,68,69,69,68,69,67,65,66,64,61,68,69,57,57,66,64,66,66,64,56,48,58,50,59,61,64,61,61,72,65,63
553  ,379402-วิเชียรบุรี จ.เพชรบูรณ์,Jan-02,61,59,50,62,65,64,59,64,61,65,63,69,65,74,69,70,63,63,62,64,64,61,65,65,67,70,69,71,67,72,66,65
554  ,379402-วิเชียรบุรี จ.เพชรบูรณ์,Feb-02,63,56,63,68,71,67,65,64,65,70,56,59,58,61,68,68,59,63,56,46,54,56,59,62,66,69,66,62,-,-,-,62
555  ,379402-วิเชียรบุรี จ.เพชรบูรณ์,Mar-02,63,65,61,67,67,65,69,69,66,60,61,65,62,62,62,62,59,56,54,54,62,64,71,79,71,62,61,59,69,77,74,64
556  ,379402-วิเชียรบุรี จ.เพชรบูรณ์,Apr-02,76,72,68,67,61,61,61,71,62,56,59,66,62,72,72,67,62,67,79,73,67,65,69,72,75,71,77,74,78,75,-,69
557  ,379402-วิเชียรบุรี จ.เพชรบูรณ์,May-02,78,73,81,76,81,74,75,80,85,81,89,81,81,80,75,85,86,79,85,82,77,73,74,84,85,84,79,75,74,72,75,79
558  ,379402-วิเชียรบุรี จ.เพชรบูรณ์,Jun-02,77,72,73,76,74,71,72,76,81,83,85,84,84,85,80,77,77,76,78,77,79,74,73,85,86,84,85,86,81,79,-,79
559  ,379402-วิเชียรบุรี จ.เพชรบูรณ์,Jul-02,75,77,83,81,83,87,86,84,81,84,80,76,84,83,83,86,86,85,85,84,85,84,85,85,73,79,83,80,84,83,82,82
560  ,379402-วิเชียรบุรี จ.เพชรบูรณ์,Aug-02,84,86,88,91,84,82,78,83,79,75,80,85,83,86,82,84,83,82,84,92,89,88,89,86,91,83,83,87,86,91,88,85
561  ,379402-วิเชียรบุรี จ.เพชรบูรณ์,Sep-02,91,89,94,85,84,81,79,86,88,84,83,84,85,83,82,79,87,88,87,91,93,87,76,74,81,81,81,82,84,85,-,84
562  ,379402-วิเชียรบุรี จ.เพชรบูรณ์,Oct-02,82,80,89,87,81,91,85,79,70,68,77,74,73,73,79,81,85,82,79,83,83,84,85,76,76,83,87,86,90,85,84,81
563  ,379402-วิเชียรบุรี จ.เพชรบูรณ์,Nov-02,87,72,71,65,61,73,70,71,64,65,72,76,76,79,80,80,81,73,71,74,69,70,77,75,67,64,72,74,74,72,-,73
564  ,379402-วิเชียรบุรี จ.เพชรบูรณ์,Dec-02,75,76,79,78,76,73,76,83,74,79,70,68,68,71,69,68,74,72,74,75,67,65,68,68,64,71,74,74,71,72,70,72
565  ,379402-วิเชียรบุรี จ.เพชรบูรณ์,Jan-03,71,71,71,68,70,68,71,69,66,64,63,60,63,66,67,61,63,64,66,69,65,64,62,64,66,68,65,60,61,64,62,66
566  ,379402-วิเชียรบุรี จ.เพชรบูรณ์,Feb-03,62,61,63,58,57,55,66,64,63,59,61,67,73,71,74,70,67,68,67,67,71,74,69,68,76,74,72,69,-,-,-,67
567  ,379402-วิเชียรบุรี จ.เพชรบูรณ์,Mar-03,66,65,63,59,57,57,56,64,70,59,56,60,64,75,70,62,62,64,63,63,64,72,77,75,70,72,83,85,85,82,82,68
568  ,379402-วิเชียรบุรี จ.เพชรบูรณ์,Apr-03,82,74,68,69,69,62,65,65,70,68,65,63,62,62,63,67,67,66,69,63,78,70,68,75,71,73,71,70,72,70,-,69
569  ,379402-วิเชียรบุรี จ.เพชรบูรณ์,May-03,65,70,74,69,66,63,65,70,79,79,75,83,80,83,76,71,72,74,76,75,78,74,73,71,80,76,66,65,63,75,85,73
570  ,379402-วิเชียรบุรี จ.เพชรบูรณ์,Jun-03,85,88,81,75,78,72,70,74,74,71,74,76,77,77,76,77,89,83,81,78,81,83,81,75,79,75,75,79,88,91,-,79
571  ,379402-วิเชียรบุรี จ.เพชรบูรณ์,Jul-03,84,78,76,73,86,87,83,78,76,72,80,79,83,82,75,78,75,73,70,74,72,75,85,83,77,82,84,79,86,87,82,79
572  ,379402-วิเชียรบุรี จ.เพชรบูรณ์,Aug-03,76,73,76,85,83,75,75,76,78,77,80,84,78,77,86,80,85,80,77,81,81,78,82,84,79,73,76,73,74,76,81,79
573  ,379402-วิเชียรบุรี จ.เพชรบูรณ์,Sep-03,80,80,80,77,77,80,85,79,84,86,91,90,91,93,84,81,80,83,80,83,81,82,85,85,81,73,83,82,85,92,-,83
574  ,379402-วิเชียรบุรี จ.เพชรบูรณ์,Oct-03,85,76,75,73,73,72,74,82,80,76,82,77,82,78,77,73,71,69,67,72,73,72,71,67,70,70,68,66,67,70,67,73
575  ,379402-วิเชียรบุรี จ.เพชรบูรณ์,Nov-03,70,75,71,71,74,73,75,75,71,69,69,64,64,66,68,68,68,69,72,75,69,64,61,66,66,67,75,68,61,67,-,69
576  ,379402-วิเชียรบุรี จ.เพชรบูรณ์,Dec-03,65,65,62,67,64,60,62,63,61,55,59,52,59,54,61,67,50,69,67,59,51,67,61,68,70,65,56,74,74,74,73,63
577  ,380201-กำแพงเพชร จ.กำแพงเพชร,Jan-98,68,70,72,72,74,69,69,68,68,64,62,70,61,61,52,59,63,59,64,75,73,72,66,66,75,72,69,67,63,68,67,67
578  ,380201-กำแพงเพชร จ.กำแพงเพชร,Feb-98,71,70,70,71,70,73,73,76,69,55,55,61,64,55,51,54,55,57,55,61,53,57,59,60,53,56,58,62,-,-,-,62
579  ,380201-กำแพงเพชร จ.กำแพงเพชร,Mar-98,68,68,69,64,64,64,63,47,45,50,49,50,65,66,63,64,62,63,60,60,60,61,54,61,62,70,74,67,64,65,66,62
580  ,380201-กำแพงเพชร จ.กำแพงเพชร,Apr-98,71,76,73,74,66,60,69,66,58,59,55,59,59,60,58,53,65,78,75,75,72,70,65,59,54,54,55,58,55,57,-,64
581  ,380201-กำแพงเพชร จ.กำแพงเพชร,May-98,55,55,58,61,74,66,65,60,61,66,63,67,76,79,74,72,76,77,88,87,76,84,80,76,80,85,90,82,74,79,85,73
582  ,380201-กำแพงเพชร จ.กำแพงเพชร,Jun-98,84,81,82,80,77,78,78,84,78,77,77,76,70,74,74,69,73,72,81,82,77,70,71,69,73,75,79,79,82,86,-,77
583  ,380201-กำแพงเพชร จ.กำแพงเพชร,Jul-98,83,84,91,92,93,89,84,87,87,87,81,86,83,89,85,81,78,76,73,68,67,71,75,77,84,83,85,79,75,75,85,82
584  ,380201-กำแพงเพชร จ.กำแพงเพชร,Aug-98,88,86,85,82,76,74,76,88,83,83,87,84,82,79,76,78,81,81,85,86,88,84,85,86,85,77,74,67,70,79,78,81
585  ,380201-กำแพงเพชร จ.กำแพงเพชร,Sep-98,83,87,80,83,83,90,88,88,79,82,82,78,78,77,78,79,82,82,80,86,79,80,81,91,83,86,81,79,82,84,-,82
586  ,380201-กำแพงเพชร จ.กำแพงเพชร,Oct-98,89,88,88,76,79,85,81,87,88,91,90,91,92,86,85,75,74,86,82,80,81,79,78,79,77,76,76,78,77,76,77,82
587  ,380201-กำแพงเพชร จ.กำแพงเพชร,Nov-98,76,75,81,86,75,76,73,77,74,77,75,75,74,73,69,74,76,77,78,75,88,95,89,80,79,80,81,87,91,83,-,79
588  ,380201-กำแพงเพชร จ.กำแพงเพชร,Dec-98,81,81,79,79,77,79,77,78,78,74,67,70,70,74,72,76,75,71,72,74,75,74,73,72,75,72,74,76,76,71,68,75
589  ,380201-กำแพงเพชร จ.กำแพงเพชร,Jan-99,67,68,71,72,72,70,70,68,69,69,73,72,87,76,74,61,68,71,71,72,70,70,63,65,63,75,74,78,88,84,75,72
590  ,380201-กำแพงเพชร จ.กำแพงเพชร,Feb-99,74,73,78,75,67,72,71,70,69,68,69,72,68,65,69,67,66,70,76,68,65,66,63,66,66,71,70,73,-,-,-,70
591  ,380201-กำแพงเพชร จ.กำแพงเพชร,Mar-99,68,66,66,71,63,64,61,58,65,63,56,59,60,57,59,63,57,49,59,64,62,68,81,83,75,69,63,63,66,67,66,64
592  ,380201-กำแพงเพชร จ.กำแพงเพชร,Apr-99,62,68,60,63,68,83,76,77,83,79,81,79,80,88,80,81,76,71,76,85,74,68,70,70,64,64,78,74,75,69,-,74
593  ,380201-กำแพงเพชร จ.กำแพงเพชร,May-99,67,70,67,75,92,88,84,85,79,87,94,93,86,83,79,82,79,80,78,81,81,82,87,84,85,87,81,86,85,83,82,82
594  ,380201-กำแพงเพชร จ.กำแพงเพชร,Jun-99,85,88,85,85,83,79,81,82,86,91,89,86,82,79,80,81,80,78,75,88,88,85,84,91,87,85,77,74,72,70,-,83
595  ,380201-กำแพงเพชร จ.กำแพงเพชร,Jul-99,73,80,78,85,88,90,84,74,82,79,80,84,80,82,81,81,82,83,80,79,83,88,81,83,85,92,91,87,79,81,89,83
596  ,380201-กำแพงเพชร จ.กำแพงเพชร,Aug-99,91,86,83,80,85,85,91,82,80,77,89,86,90,89,85,84,83,77,79,80,76,75,79,86,87,82,82,81,86,90,84,84
597  ,380201-กำแพงเพชร จ.กำแพงเพชร,Sep-99,85,80,74,76,81,79,82,85,84,83,82,84,79,74,74,89,92,88,87,87,84,77,82,87,85,88,82,81,81,87,-,83
598  ,380201-กำแพงเพชร จ.กำแพงเพชร,Oct-99,80,89,88,86,82,81,80,77,77,82,82,82,82,90,89,88,87,82,85,87,91,86,80,84,83,93,92,89,87,87,94,85
599  ,380201-กำแพงเพชร จ.กำแพงเพชร,Nov-99,89,88,93,88,83,80,89,90,84,78,87,86,82,81,92,86,82,78,80,79,81,75,76,79,72,78,82,80,79,79,-,83
600  ,380201-กำแพงเพชร จ.กำแพงเพชร,Dec-99,65,76,74,87,90,90,88,81,77,76,74,75,69,77,80,76,71,76,68,69,74,66,72,68,63,64,64,64,62,64,68,73
601  ,380201-กำแพงเพชร จ.กำแพงเพชร,Jan-00,74,71,73,73,74,75,78,76,74,73,74,71,67,65,65,62,66,66,68,75,68,72,69,71,65,72,74,68,70,71,71,71
602  ,380201-กำแพงเพชร จ.กำแพงเพชร,Feb-00,70,62,66,65,66,66,68,66,66,64,63,59,60,63,72,85,82,85,85,78,72,69,69,66,76,79,72,77,77,-,-,71
603  ,380201-กำแพงเพชร จ.กำแพงเพชร,Mar-00,77,77,72,64,60,60,57,58,65,60,57,54,53,53,61,60,58,58,54,56,60,68,66,79,71,71,60,66,66,66,70,63
604  ,380201-กำแพงเพชร จ.กำแพงเพชร,Apr-00,63,59,53,55,54,60,65,69,63,64,67,73,85,76,77,90,84,78,77,79,80,86,81,73,72,86,85,85,82,86,-,74
605  ,380201-กำแพงเพชร จ.กำแพงเพชร,May-00,85,83,81,81,86,79,72,76,68,66,69,81,82,85,81,80,83,87,90,96,86,81,85,81,85,84,83,79,78,84,80,81
606  ,380201-กำแพงเพชร จ.กำแพงเพชร,Jun-00,80,86,88,92,87,84,80,79,80,83,84,83,81,82,91,89,80,82,79,84,87,87,88,88,85,87,88,83,80,80,-,84
607  ,380201-กำแพงเพชร จ.กำแพงเพชร,Jul-00,75,83,78,75,83,87,83,87,85,86,96,95,85,77,82,84,89,90,88,89,83,83,84,88,84,85,74,74,83,83,75,84
608  ,380201-กำแพงเพชร จ.กำแพงเพชร,Aug-00,70,74,81,80,84,89,88,90,95,94,82,82,80,80,82,83,84,84,84,77,78,76,92,83,81,86,85,85,88,85,90,84
609  ,380201-กำแพงเพชร จ.กำแพงเพชร,Sep-00,88,90,90,93,90,90,83,83,84,80,92,92,88,83,88,79,81,77,77,81,84,85,89,93,88,77,82,86,93,88,-,86
610  ,380201-กำแพงเพชร จ.กำแพงเพชร,Oct-00,81,79,84,81,83,88,90,82,83,92,80,82,78,83,88,89,82,84,82,79,80,76,90,91,86,83,82,80,86,82,88,84
611  ,380201-กำแพงเพชร จ.กำแพงเพชร,Nov-00,78,75,75,75,77,76,77,76,83,80,77,77,79,80,76,76,83,79,81,80,75,77,78,78,78,77,82,80,78,79,-,78
612  ,380201-กำแพงเพชร จ.กำแพงเพชร,Dec-00,77,77,79,77,75,77,78,73,75,77,79,77,81,77,75,77,72,76,76,73,71,74,76,72,75,68,70,71,70,72,70,75
613  ,380201-กำแพงเพชร จ.กำแพงเพชร,Jan-01,76,74,73,72,71,73,72,75,73,69,59,70,66,76,80,81,73,71,68,69,73,72,73,74,72,66,71,73,73,71,66,72
614  ,380201-กำแพงเพชร จ.กำแพงเพชร,Feb-01,56,62,67,71,66,59,54,71,73,76,70,71,66,69,64,62,65,65,66,63,57,56,52,55,60,63,66,62,-,-,-,64
615  ,380201-กำแพงเพชร จ.กำแพงเพชร,Mar-01,69,72,66,70,64,65,64,75,92,95,92,92,95,81,87,80,73,73,80,73,75,81,77,76,71,69,65,60,62,73,74,76
616  ,380201-กำแพงเพชร จ.กำแพงเพชร,Apr-01,70,70,65,64,67,65,67,59,59,61,60,73,67,62,63,67,61,58,58,56,57,56,58,60,70,65,64,61,59,70,-,63
617  ,380201-กำแพงเพชร จ.กำแพงเพชร,May-01,86,88,92,85,87,83,82,84,78,76,83,82,80,90,80,90,87,85,86,90,89,84,80,85,82,88,89,87,92,86,86,85
618  ,380201-กำแพงเพชร จ.กำแพงเพชร,Jun-01,83,85,84,78,79,76,84,84,84,89,89,87,85,79,77,79,79,81,79,75,79,79,81,87,88,89,90,84,83,86,-,83
619  ,380201-กำแพงเพชร จ.กำแพงเพชร,Jul-01,77,80,85,85,73,82,84,83,93,90,86,86,83,78,80,83,87,86,87,88,87,90,83,75,77,75,75,79,87,83,85,83
620  ,380201-กำแพงเพชร จ.กำแพงเพชร,Aug-01,87,90,91,82,81,87,91,89,86,87,89,89,91,88,82,84,85,87,87,84,81,79,77,77,74,75,82,88,89,94,87,85
621  ,380201-กำแพงเพชร จ.กำแพงเพชร,Sep-01,87,77,79,90,87,91,86,80,83,88,82,82,88,89,82,75,73,75,84,81,85,91,83,86,89,87,84,84,83,85,-,84
622  ,380201-กำแพงเพชร จ.กำแพงเพชร,Oct-01,84,89,84,87,86,85,83,80,85,91,83,84,84,88,82,83,80,79,83,81,79,76,89,95,89,88,84,86,91,85,82,85
623  ,380201-กำแพงเพชร จ.กำแพงเพชร,Nov-01,85,83,81,82,78,78,83,78,83,79,87,80,79,91,85,79,75,72,74,73,70,71,73,74,70,74,72,72,72,74,-,78
624  ,380201-กำแพงเพชร จ.กำแพงเพชร,Dec-01,75,78,78,76,75,76,83,78,78,75,71,74,79,78,75,73,76,75,86,78,74,72,75,78,76,71,73,69,73,72,74,76
625  ,380201-กำแพงเพชร จ.กำแพงเพชร,Jan-02,76,75,71,75,74,77,75,72,74,75,73,77,78,79,76,73,70,65,70,66,73,74,74,71,69,68,70,78,77,74,75,73
626  ,380201-กำแพงเพชร จ.กำแพงเพชร,Feb-02,73,78,77,72,63,68,74,70,67,69,73,67,70,76,72,69,66,68,67,62,65,67,69,66,73,71,64,66,-,-,-,69
627  ,380201-กำแพงเพชร จ.กำแพงเพชร,Mar-02,62,71,74,73,68,80,80,73,71,67,70,73,68,63,66,69,69,72,82,77,74,77,81,76,70,71,73,74,69,73,69,72
628  ,380201-กำแพงเพชร จ.กำแพงเพชร,Apr-02,70,66,64,70,60,65,68,71,67,64,61,75,71,67,70,65,60,68,71,66,66,65,70,71,72,72,70,77,73,71,-,68
629  ,380201-กำแพงเพชร จ.กำแพงเพชร,May-02,75,71,76,71,71,70,67,72,78,76,90,81,81,86,84,86,82,87,94,87,81,74,72,71,77,80,77,87,84,86,81,79
630  ,380201-กำแพงเพชร จ.กำแพงเพชร,Jun-02,81,73,76,75,79,84,80,76,78,85,87,84,84,89,79,86,83,82,81,80,83,83,83,86,89,85,86,90,91,82,-,83
631  ,380201-กำแพงเพชร จ.กำแพงเพชร,Jul-02,83,85,80,77,75,77,86,82,78,84,81,79,85,83,82,85,84,89,87,89,92,90,87,85,80,83,88,85,87,85,81,84
632  ,380201-กำแพงเพชร จ.กำแพงเพชร,Aug-02,82,85,88,85,88,89,86,84,81,83,85,87,88,84,84,84,82,78,80,89,91,88,90,86,89,84,83,86,89,88,81,85
633  ,380201-กำแพงเพชร จ.กำแพงเพชร,Sep-02,86,95,96,96,94,89,89,92,90,87,83,81,89,89,86,81,88,88,90,87,93,86,84,91,88,87,86,88,91,88,-,89
634  ,380201-กำแพงเพชร จ.กำแพงเพชร,Oct-02,84,84,85,88,81,87,91,80,75,77,79,78,83,79,78,80,83,87,82,81,83,86,88,90,86,91,97,94,88,85,85,84
635  ,380201-กำแพงเพชร จ.กำแพงเพชร,Nov-02,89,87,86,89,79,81,81,84,83,80,82,85,82,83,82,86,92,90,86,81,84,84,82,89,91,90,84,86,83,82,-,85
636  ,380201-กำแพงเพชร จ.กำแพงเพชร,Dec-02,81,82,88,87,86,84,84,81,86,80,76,81,83,86,85,84,83,83,81,79,81,76,76,82,81,85,91,89,82,82,84,83
637  ,380201-กำแพงเพชร จ.กำแพงเพชร,Jan-03,85,88,86,85,84,83,88,80,81,84,80,83,82,81,83,83,82,80,81,84,80,77,79,79,80,77,77,80,80,80,80,82
638  ,380201-กำแพงเพชร จ.กำแพงเพชร,Feb-03,76,77,79,80,82,79,79,80,75,76,76,76,83,87,83,76,71,73,74,74,78,78,70,74,77,75,81,76,-,-,-,77
639  ,380201-กำแพงเพชร จ.กำแพงเพชร,Mar-03,72,63,69,71,71,71,72,78,85,87,82,73,88,87,81,77,77,75,75,79,83,87,74,76,76,71,76,77,85,93,89,78
640  ,380201-กำแพงเพชร จ.กำแพงเพชร,Apr-03,82,75,73,69,74,72,73,74,73,77,75,71,73,70,72,73,67,61,62,61,67,67,64,66,69,65,66,63,69,78,-,70
641  ,380201-กำแพงเพชร จ.กำแพงเพชร,May-03,87,80,72,67,61,59,59,62,71,65,71,86,83,78,72,70,81,77,75,80,72,81,80,75,70,66,60,62,59,71,77,72
642  ,380201-กำแพงเพชร จ.กำแพงเพชร,Jun-03,87,87,90,81,86,85,82,83,83,83,80,76,80,84,79,74,88,86,79,79,88,90,87,87,87,82,81,88,93,96,-,84
643  ,380201-กำแพงเพชร จ.กำแพงเพชร,Jul-03,91,84,81,81,83,82,84,87,88,79,79,87,86,80,84,84,79,73,73,73,74,72,87,87,85,88,85,78,92,90,89,83
644  ,380201-กำแพงเพชร จ.กำแพงเพชร,Aug-03,82,74,72,80,84,88,83,80,83,83,76,80,86,82,75,77,96,89,88,89,88,85,89,94,85,84,83,84,75,77,81,83
645  ,380201-กำแพงเพชร จ.กำแพงเพชร,Sep-03,83,85,86,85,83,81,75,74,78,90,91,89,92,95,91,90,80,78,81,82,84,86,83,88,82,80,90,83,88,85,-,85
646  ,380201-กำแพงเพชร จ.กำแพงเพชร,Oct-03,87,84,80,81,84,80,83,80,80,79,79,72,80,84,81,89,82,88,81,80,84,84,81,82,80,79,80,79,76,77,78,81
647  ,380201-กำแพงเพชร จ.กำแพงเพชร,Nov-03,80,79,79,78,75,73,76,75,76,73,70,78,73,68,75,74,74,75,75,68,73,74,73,71,73,74,81,72,68,72,-,74
648  ,380201-กำแพงเพชร จ.กำแพงเพชร,Dec-03,75,75,74,73,73,71,70,72,71,71,73,73,79,69,72,69,66,70,72,69,69,66,67,68,67,69,60,68,68,65,67,70
หมายเหตุสรุป : ,,,,,,,,,,,,,,,,,,,,,,,,,,,,,,,,,,
"รหัสสถานี ที่เลือก (376201,376202,376203,376301,376401,378201,379201,379401,379402,380201,386301)",,,,,,,,,,,,,,,,,,,,,,,,,,,,,,,,,,
"ปี : (2003,2002,2001,2000,1999,1998)",,,,,,,,,,,,,,,,,,,,,,,,,,,,,,,,,,
"เดือน : (1,2,3,4,5,6,7,8,9,10,11,12)",,,,,,,,,,,,,,,,,,,,,,,,,,,,,,,,,,
